time;averageAirTemp;averageWindchill;averageHeatindex;averageDewPointTemperature;averageRelativeHumidity;averageAirPressure;averageSeaLevelPressure;averageWindDirection;maxWindSpeed;averageWindSpeed;rainAccumulation;rainIntensity;averagePm10
"2017-01-01 00:00:00+01:00";-1.4258333333333;-1.2227083333333;78.573194444444;-9.0772222222222;57.144791666667;992.82340277778;1018.8379166667;214;4;1.0694444444444;0;0;
"2017-01-02 00:00:00+01:00";-1.7116666666667;-2.9220138888889;82.615972222222;-7.0928472222222;67.380416666667;986.73083333334;1012.6170833333;261;7.1;2.3388888888889;0.03;0;
"2017-01-03 00:00:00+01:00";-0.41381944444445;-3.4213888888889;76.650833333334;-5.0054166666667;71.259583333333;988.30895833333;1014.1081944444;256;9.7;4.0174305555556;0.01;0;
"2017-01-04 00:00:00+01:00";1.5045833333333;-3.3918055555556;66.736597222222;-3.7559722222222;68.398541666667;972.72256944444;997.92631944445;255;12.4;5.9731944444444;0.13;0;
"2017-01-05 00:00:00+01:00";-4.0776388888889;-6.2492361111111;90.336875;-11.283541666667;57.553680555556;987.75819444444;1013.9047222222;324;7.1;3.1031944444444;0.01;0;
"2017-01-06 00:00:00+01:00";-12.563888888889;-13.518541666667;143.48444444444;-19.214513888889;57.720625;1005.3995138889;1032.8831944444;331;5.8;1.921875;0;0;
"2017-01-07 00:00:00+01:00";-17.629513888889;-18.435625;196.65791666667;-22.530902777778;65.647222222222;1005.416875;1033.4568055556;268;5.3;1.7627083333333;0;0;
"2017-01-08 00:00:00+01:00";-14.624027777778;-14.219583333333;165.86236111111;-20.87875;59.577361111111;1001.0465972222;1028.6407638889;269;2.2;0.90493055555556;0;0;
"2017-01-09 00:00:00+01:00";-9.0545833333333;-8.8665277777778;115.6825;-16.855763888889;53.815069444444;999.26708333333;1026.216875;247;3.3;1.0691666666667;0;0;
"2017-01-10 00:00:00+01:00";-7.7016666666667;-7.5690277777778;114.73430555556;-14.117361111111;60.487291666667;993.57798611111;1020.2396527778;58;3;1.1140277777778;0;0;
"2017-01-11 00:00:00+01:00";-10.046875;-9.485625;132.78430555556;-16.212430555556;61.293680555556;988.84604166667;1015.6232638889;308;3;0.79159722222222;0;0;
"2017-01-12 00:00:00+01:00";0.37993055555555;-1.7533333333333;72.745625;-5.5073611111111;64.955277777778;979.29041666667;1004.7820833333;251;7.9;3.2090972222222;0;0;
"2017-01-13 00:00:00+01:00";3.2463194444444;2.3219444444444;57.889513888889;-5.1642361111111;54.348541666667;970.31486111111;995.30020833333;238;7.3;2.143125;0;0;
"2017-01-14 00:00:00+01:00";1.1038888888889;-0.10743055555556;68.076527777778;-4.910625;64.534027777778;974.42111111111;999.70902777778;276;5.8;2.3483333333333;0;0;
"2017-01-15 00:00:00+01:00";-0.74805555555555;-1.5263194444444;77.715347222222;-5.740625;69.207430555556;986.96465277778;1012.7658333333;258;5.8;1.9386805555556;0;0;
"2017-01-16 00:00:00+01:00";-1.5290972222222;-1.3290972222222;80.438333333333;-7.9830555555556;61.697222222222;994.09118055556;1020.1465277778;294;4.9;1.0645833333333;0;0;
"2017-01-17 00:00:00+01:00";-3.2729166666667;-3.661875;92.120625;-8.25875;68.608680555556;1004.4097916667;1030.9117361111;44;4.8;1.5519444444444;0;0;
"2017-01-18 00:00:00+01:00";-6.0876388888889;-7.0459027777778;110.32868055556;-10.351666666667;71.906458333333;1011.3264583333;1038.2939583333;68;4.4;1.996875;0;0;
"2017-01-19 00:00:00+01:00";-6.4490972222222;-6.4172222222222;112.30166666667;-11.220486111111;68.997916666667;1010.680625;1037.6675;91;3.9;1.1940277777778;0;0;
"2017-01-20 00:00:00+01:00";-3.1393055555556;-3.440625;87.281458333333;-10.823611111111;56.645069444444;1007.1823611111;1033.7422916667;243;4.1;1.4932638888889;0;0;
"2017-01-21 00:00:00+01:00";0.78402777777778;0.59416666666667;69.495208333334;-5.6295833333333;62.456319444444;1005.3150694444;1031.4376388889;254;4.7;1.4027083333333;0;0;
"2017-01-22 00:00:00+01:00";0.81263888888889;0.89180555555555;70.536180555555;-4.6944444444444;66.875;1004.5243055556;1030.6318055556;79;3.8;1.16375;0;0;
"2017-01-23 00:00:00+01:00";-2.8785416666667;-2.2883333333333;91.266736111111;-7.3176388888889;72.087083333333;998.36826388888;1024.6690277778;245;1.8;0.72611111111111;0;0;
"2017-01-24 00:00:00+01:00";-4.46875;-5.0619444444444;99.286458333333;-9.2838888888889;69.194166666667;998.76020833333;1025.2372222222;264;4.9;1.7196527777778;0;0;
"2017-01-25 00:00:00+01:00";-1.9909027777778;-1.9763194444444;85.377569444444;-6.1609027777778;73.164513888889;1002.5118055556;1028.8361805556;235;3.3;1.2079166666667;0;0;
"2017-01-26 00:00:00+01:00";-2.2243055555556;-2.0767361111111;86.516736111111;-6.8429861111111;70.73875;1005.6974305556;1032.1284027778;42;3.7;1.1092361111111;0;0;
"2017-01-27 00:00:00+01:00";-4.6592361111111;-4.0181944444444;99.549791666667;-11.4725;60.426527777778;1000.9952777778;1027.5499305556;271;1.9;0.69763888888889;0;0;
"2017-01-28 00:00:00+01:00";-5.4172916666667;-4.8152083333333;102.39340277778;-12.025902777778;60.603819444444;997.31812500001;1023.8477083333;257;1.9;0.73958333333333;0;0;
"2017-01-29 00:00:00+01:00";-5.3396527777778;-4.6725;103.72020833333;-11.587638888889;62.473125;998.05180555556;1024.5977777778;249;1.9;0.67611111111111;0;0;
"2017-01-30 00:00:00+01:00";-4.7075;-4.1395833333333;100.24201388889;-11.360416666667;61.003402777778;994.97527777777;1021.3793055556;260;2;0.75590277777778;0;0;
"2017-01-31 00:00:00+01:00";-2.866875;-2.6410416666667;89.906527777778;-9.503125;61.0575;992.25708333333;1018.4030555556;27;3.5;1.0640972222222;0;0;
"2017-02-01 00:00:00+01:00";-0.23784722222222;0.14354166666667;74.768958333333;-6.3627777777778;63.531597222222;994.30347222222;1020.2439583333;58;2.6;0.89590277777778;0.32;0;
"2017-02-02 00:00:00+01:00";1.4705555555556;1.5813888888889;67.12625;-2.9427777777778;72.723333333333;989.90395833334;1015.5616666667;281;3.6;1.136875;0.01;0;
"2017-02-03 00:00:00+01:00";2.3197222222222;2.4463194444444;62.220555555556;-1.2183333333333;77.536805555556;984.28680555556;1009.7202083333;69;4;1.1234027777778;1.86;0;
"2017-02-04 00:00:00+01:00";1.0221527777778;0.35534722222222;66.814930555556;-1.601875;82.663541666667;981.40583333334;1006.8775;68;4.1;1.838125;0;0;
"2017-02-05 00:00:00+01:00";2.0304861111111;2.4919444444444;62.372083333334;-0.84618055555556;81.334722222222;979.21701388889;1004.5363194444;172;4.6;0.81340277777778;1.25;0;
"2017-02-06 00:00:00+01:00";0.26770833333333;-0.35423611111111;72.319444444445;-3.1778472222222;77.691319444444;987.76819444444;1013.4902083333;58;4.1;1.7831944444444;0;0;
"2017-02-07 00:00:00+01:00";-3.7191666666667;-5.2231944444444;95.327152777778;-7.77375;73.542013888889;993.49368055556;1019.7479861111;54;6.1;2.4919444444444;0.05;0;
"2017-02-08 00:00:00+01:00";-6.9076388888889;-8.5225;112.93729166667;-12.3075;65.463819444444;999.62805555556;1026.3689583333;64;5;2.5181944444444;0;0;
"2017-02-09 00:00:00+01:00";-5.9613888888889;-7.2591666666667;107.23145833333;-11.369027777778;65.674444444444;1004.8354166667;1031.6217361111;68;4.9;2.2783333333333;0;0;
"2017-02-10 00:00:00+01:00";-3.4240277777778;-4.9393055555556;85.567916666667;-11.059930555556;56.369791666667;1003.2665972222;1029.7515972222;70;5.6;2.5195833333333;0;0;
"2017-02-11 00:00:00+01:00";-6.2179166666667;-7.881875;101.03819444444;-13.692638888889;55.690347222222;1002.8554166667;1029.6066666667;67;6.3;2.5867361111111;0;0;
"2017-02-12 00:00:00+01:00";-6.0236111111111;-7.219375;107.41590277778;-11.884236111111;63.633958333333;1006.9170138889;1033.7586111111;66;5.2;2.1942361111111;0;0;
"2017-02-13 00:00:00+01:00";-6.2209722222223;-6.8663888888889;111.600625;-10.349375;72.598194444444;1009.8639583333;1036.8120138889;64;5.7;1.7378472222222;0;0;
"2017-02-14 00:00:00+01:00";-2.3043055555555;-2.5640972222222;89.379722222223;-7.9936805555555;66.474305555556;1008.0496527778;1034.5559027778;261;4.7;1.4650694444444;0;0;
"2017-02-15 00:00:00+01:00";2.2254166666667;2.8334027777778;63.628263888889;-7.048125;53.776180555556;1008.0234027778;1034.0924305556;277;2.9;0.69236111111111;0;0;
"2017-02-16 00:00:00+01:00";3.4219444444445;3.5397916666667;60.217152777778;-5.2583333333333;54.83125;1002.6378472222;1028.4515277778;254;4.9;1.1852083333333;0;0;
"2017-02-17 00:00:00+01:00";2.2654166666667;2.1636111111111;63.351527777777;-2.5866666666667;70.787708333333;994.71027777778;1020.4205555556;255;5.6;1.359375;1.94;0;
"2017-02-18 00:00:00+01:00";2.7701388888889;2.3111805555556;59.813194444445;-0.65243055555555;78.207361111111;996.15902777778;1021.8542361111;267;4.5;1.6729861111111;0.07;0;
"2017-02-19 00:00:00+01:00";3.2702083333333;3.1000694444444;57.963402777778;-1.9102083333333;69.761805555555;996.06736111112;1021.7275694444;243;5.1;1.4069444444444;0;0;
"2017-02-20 00:00:00+01:00";3.5522916666667;2.4304166666667;59.303402777778;-3.1978472222222;62.023680555556;989.70263888889;1015.1700694444;258;8.6;2.4115277777778;0.19;0;
"2017-02-21 00:00:00+01:00";6.1648611111111;3.6784027777778;47.124583333333;1.8453472222222;73.943541666667;980.42604166667;1005.4084722222;264;8.9;3.7955555555556;6.89;0;
"2017-02-22 00:00:00+01:00";7.6565972222223;4.5826388888889;44.718402777778;1.3273611111111;64.439583333333;978.93034722222;1003.7475694444;255;11.5;4.7352777777778;1.69;0;
"2017-02-23 00:00:00+01:00";7.6314583333333;5.9339583333333;43.035069444445;1.7525694444444;68.261180555556;973.92326388889;998.6075;244;11.1;3.0358333333333;0.44;0;
"2017-02-24 00:00:00+01:00";7.1288194444444;3.7536111111111;45.368125;-3.3081944444444;48.134513888889;974.7325;999.48645833333;267;14.8;4.9586111111111;0.59;0;
"2017-02-25 00:00:00+01:00";1.4198611111111;0.049652777777778;64.707986111112;-6.5023611111111;56.472430555555;992.61520833334;1018.3559027778;264;10;2.5340972222222;0;0;
"2017-02-26 00:00:00+01:00";5.0073611111111;4.1196527777778;47.103402777778;-7.1580555555556;42.314652777778;989.12881944445;1014.4426388889;268;9.4;2.2025;0;0;
"2017-02-27 00:00:00+01:00";9.8438888888889;9.9647222222222;36.784236111111;-5.3898611111111;36.431875;984.65923611111;1009.4257638889;209;4.9;1.16;0;0;
"2017-02-28 00:00:00+01:00";9.7350694444445;8.9344444444444;38.768541666667;-1.0376388888889;48.140625;974.02090277778;998.52486111111;247;10.2;2.2624305555556;0;0;
"2017-03-01 00:00:00+01:00";7.4403472222223;6.0388888888889;43.836805555556;-0.73173611111112;57.129375;976.56548611111;1001.3334722222;256;8.3;2.7299305555556;0.41;0;
"2017-03-02 00:00:00+01:00";7.4175694444444;5.5221527777778;44.555138888889;-2.6828472222222;49.646666666667;981.28708333333;1006.1757638889;254;13.6;3.4422916666666;0.1;0;
"2017-03-03 00:00:00+01:00";6.525;5.2586805555556;46.259305555556;-3.2178472222222;51.629930555556;988.54256944445;1013.7049305556;278;8.9;2.5872222222222;0.06;0;
"2017-03-04 00:00:00+01:00";10.209861111111;10.009722222222;39.416527777778;-2.0320138888889;44.201597222222;979.00208333333;1003.5997222222;206;6.8;1.6019444444444;0;0;
"2017-03-05 00:00:00+01:00";13.833125;12.604791666667;29.895;1.3001388888889;44.124375;977.41041666667;1001.6461111111;254;9.6;2.8003472222222;2.67;0.8;
"2017-03-06 00:00:00+01:00";7.0154861111111;6.4400694444444;44.500763888889;1.6004166666667;69.212569444444;975.41423611111;1000.1949305556;259;5.8;1.850625;1.09;0;
"2017-03-07 00:00:00+01:00";5.6341666666667;5.6933333333333;50.579444444444;-0.40541666666667;65.964652777778;982.28506944444;1007.3677083333;265;4.7;1.2254861111111;0.69;0;
"2017-03-08 00:00:00+01:00";4.471875;4.3411805555556;54.357986111111;-1.8035416666667;64.105694444444;995.69520833333;1021.2227777778;12;4.2;1.3665277777778;0;0;
"2017-03-09 00:00:00+01:00";3.6069444444444;3.6635416666667;57.465972222222;-0.35416666666666;75.394583333333;990.17027777778;1015.6376388889;254;5.7;1.2084722222222;0.28;0;
"2017-03-10 00:00:00+01:00";4.9953472222222;4.8380555555556;52.318611111111;-0.91090277777778;66.247083333333;990.24041666667;1015.5838888889;22;4.4;1.414375;0;0;
"2017-03-11 00:00:00+01:00";5.1534722222222;4.5620833333333;50.510833333333;-2.8318055555556;57.415833333333;995.35131944444;1020.8040972222;346;5.7;1.8427083333333;0;0;
"2017-03-12 00:00:00+01:00";4.2563888888889;3.6223611111111;54.988680555556;-2.6033333333333;61.397916666667;993.85555555555;1019.3533333333;31;5.5;1.8564583333333;0.03;0;
"2017-03-13 00:00:00+01:00";4.4804166666667;4.59625;54.463333333333;-2.0877777777778;62.464097222222;997.81340277778;1023.4026388889;5;4.2;1.1370138888889;0;0;
"2017-03-14 00:00:00+01:00";4.9736805555556;5.1479861111111;52.4525;-2.3761805555555;60.515347222222;1000.3700694445;1025.9734722222;243;3.8;1.0859027777778;0;0;
"2017-03-15 00:00:00+01:00";6.1203472222222;5.2352777777778;48.250208333333;-2.1901388888889;57.122638888889;997.62180555556;1023.0488194444;271;7;2.1950694444444;0;0;
"2017-03-16 00:00:00+01:00";5.8354861111111;4.5238888888889;48.636875;-3.6680555555556;51.690625;994.50708333333;1019.8780555556;292;7.7;2.6149305555556;0;0;
"2017-03-17 00:00:00+01:00";7.5547916666667;7.0800694444444;46.632361111111;-2.11875;53.099722222222;986.26020833333;1011.2779861111;269;7.6;1.8691666666667;0.37;0;
"2017-03-18 00:00:00+01:00";5.8030555555556;3.7856944444444;48.958402777778;0.37930555555556;68.7175;975.30888888889;1000.19375;256;11.4;3.3625;4.38;0.2;
"2017-03-19 00:00:00+01:00";4.7036805555555;2.52875;50.339861111111;-4.6357638888889;53.658194444444;979.91;1005.0170138889;273;9.1;3.4228472222222;0.73;0.3;
"2017-03-20 00:00:00+01:00";9.4595138888889;8.4880555555555;38.032083333333;4.3084027777778;70.787222222222;981.01819444444;1005.7254861111;261;6.7;2.3408333333333;1.27;0;
"2017-03-21 00:00:00+01:00";10.770694444444;10.444583333333;36.225486111111;3.3344444444444;61.522291666667;982.90493055555;1007.5427083333;266;7.7;1.7158333333333;0;0;
"2017-03-22 00:00:00+01:00";6.5934027777778;5.9297916666667;44.36125;3.0959027777778;78.4125;989.24083333333;1014.4099305556;23;6;1.8913888888889;8.8;0;
"2017-03-23 00:00:00+01:00";6.2988194444445;5.1835416666667;44.87;3.0561805555556;79.778333333333;992.01305555555;1017.2775694444;61;5.9;2.3577083333333;0.39;0;
"2017-03-24 00:00:00+01:00";6.8422222222222;6.7294444444444;44.504166666667;2.2926388888889;73.291111111111;999.10722222222;1024.4956944444;294;4.4;1.3875694444444;0;0;
"2017-03-25 00:00:00+01:00";5.5609722222222;4.5111111111111;50.358888888889;-3.3839583333333;56.931666666667;997.61243055556;1023.1008333333;278;7.3;2.4205555555556;0;0;
"2017-03-26 00:00:00+01:00";4.0423188405797;3.5802173913044;54.79920289855;-4.3008695652174;55.347971014493;997.17471014493;1022.7861594203;350;5.2;1.6859420289855;0;0;
"2017-03-27 00:00:00+02:00";7.5738194444445;6.6886805555556;46.609513888889;-2.9594444444444;49.893194444444;998.18791666667;1023.5045833333;262;7.2;2.2723611111111;0;0;
"2017-03-28 00:00:00+02:00";12.330069444444;11.887638888889;35.064791666667;-1.7624305555555;40.340833333333;994.42333333333;1019.2163194444;264;6.9;1.8933333333333;0;0;
"2017-03-29 00:00:00+02:00";12.495347222222;11.488194444444;35.097430555556;1.5036805555556;49.658680555556;993.20111111111;1017.9476388889;273;8.7;2.6176388888889;0.18;0;
"2017-03-30 00:00:00+02:00";11.154236111111;10.599583333333;35.070069444445;3.3614583333333;59.512291666667;998.37715277777;1023.3675;283;4.9;1.8869444444444;0.01;0;
"2017-03-31 00:00:00+02:00";12.869722222222;13.095069444444;35.534097222222;3.3120138888889;55.864097222222;995.86840277778;1020.6597916667;269;6.3;1.0928472222222;0;0;
"2017-04-01 00:00:00+02:00";15.286111111111;15.583958333333;31.427291666667;2.3401388888889;46.372013888889;989.49034722222;1013.9125694444;264;4.7;1.0046527777778;0;0;
"2017-04-02 00:00:00+02:00";16.735763888889;16.585763888889;30.573819444444;1.8997222222222;40.757986111111;989.33097222222;1013.6184027778;278;8.2;1.645625;0;0;
"2017-04-03 00:00:00+02:00";13.160555555556;12.732986111111;31.753680555556;4.1213888888889;55.557013888889;995.11201388889;1019.8413194444;8;6.9;1.8043055555556;0;0;
"2017-04-04 00:00:00+02:00";14.372638888889;13.503055555556;30.904583333333;4.8770833333334;54.098055555555;993.85326388889;1018.446875;62;6.8;2.3826388888889;0;0;
"2017-04-05 00:00:00+02:00";12.600625;12.492222222222;32.459444444444;4.9616666666667;61.149583333333;989.72375;1014.3753472222;271;4.7;1.4065972222222;12.02;0.6;
"2017-04-06 00:00:00+02:00";6.375;5.0261805555556;46.937291666667;1.1059027777778;69.402222222222;987.25923611111;1012.3970138889;291;9.2;2.6242361111111;3.68;0;
"2017-04-07 00:00:00+02:00";5.4625;4.5088888888889;49.405625;1.4315972222222;75.385555555556;987.83652777778;1013.0700694444;271;5.7;2.1996527777778;0.96;0;
"2017-04-08 00:00:00+02:00";10.263680555555;9.4215277777778;36.222361111111;3.1247916666667;62.848958333333;992.66902777778;1017.5938888889;311;6.4;2.2113194444444;0.02;0;
"2017-04-09 00:00:00+02:00";10.134166666667;10.368055555556;37.760347222222;2.1861111111111;60.137361111111;998.82388888889;1023.9142361111;271;4.8;1.0660416666667;0;0;
"2017-04-10 00:00:00+02:00";13.156328233658;12.959805285118;34.639638386648;2.4497913769124;52.193741307371;991.4831015299;1016.1342837274;255;7.4;1.6472183588317;0;0;
"2017-04-11 00:00:00+02:00";9.010625;7.5033333333333;38.796527777778;0.18444444444444;55.148125;990.74604166667;1015.7429166667;285;8.2;2.8670138888889;1.82;0;
"2017-04-12 00:00:00+02:00";8.8497222222222;7.1452777777778;40.560277777778;-0.91333333333333;50.920625;989.12659722222;1014.0866666667;260;10.1;3.1749305555556;0;0;
"2017-04-13 00:00:00+02:00";9.2981944444445;7.4690277777778;38.115555555555;1.9032638888889;61.183055555556;981.649375;1006.3841666667;272;7.7;3.24875;0.72;0;
"2017-04-14 00:00:00+02:00";8.4717361111111;7.0954861111111;40.788263888889;-1.2407638888889;52.002708333333;985.83270833333;1010.7535416667;275;8.2;2.7608333333333;0.14;0;
"2017-04-15 00:00:00+02:00";9.3049305555556;8.7001388888889;40.758819444444;-0.051527777777779;53.354236111111;985.13527777778;1009.9655555556;274;7.8;2.03375;0.66;0;
"2017-04-16 00:00:00+02:00";6.6091666666667;4.8452083333333;46.028611111111;-0.40236111111111;62.26375;985.46909722222;1010.5326388889;280;10.3;3.1038888888889;1.13;0;
"2017-04-17 00:00:00+02:00";5.8165277777778;5.6961805555556;49.288194444444;-0.19743055555556;66.211597222222;987.52520833334;1012.715625;106;5.2;1.3864583333333;4.71;0;
"2017-04-18 00:00:00+02:00";2.6216666666667;2.0330555555556;60.942361111111;-0.969375;77.241944444444;986.73847222222;1012.2017361111;10;18.7;1.7923611111111;2;0;
"2017-04-19 00:00:00+02:00";2.8640972222222;-0.55972222222222;59.76125;-2.8019444444445;67.775555555555;992.73631944445;1018.3427777778;33;9.7;4.5941666666667;0.01;0;
"2017-04-20 00:00:00+02:00";2.7641666666667;0.28895833333333;54.440833333333;-7.8779861111111;45.804375;1000.1618055555;1025.9645833333;11;9.1;3.6245138888889;0;0;
"2017-04-21 00:00:00+02:00";5.1326388888889;3.3224305555556;50.03375;-5.6188888888889;46.609930555556;997.54097222223;1023.0689583333;260;8.5;3.1465972222222;0;0;
"2017-04-22 00:00:00+02:00";7.8842361111111;5.85625;41.98375;-1.6159722222222;52.494722222222;987.62951388889;1012.6371527778;270;8;3.4254166666667;0.49;0;
"2017-04-23 00:00:00+02:00";5.1142361111111;3.2720833333333;51.772986111111;-2.3779166666667;59.284027777778;988.80166666666;1014.0967361111;279;8.5;3.1001388888889;0.17;0;
"2017-04-24 00:00:00+02:00";6.7011805555556;5.3334722222222;46.169375;-2.2711111111111;54.866736111111;990.52763888889;1015.726875;255;8.2;2.6397222222222;0.01;0;
"2017-04-25 00:00:00+02:00";11.707361111111;11.126458333333;36.778680555556;2.0754861111111;54.607569444445;981.24020833334;1005.7551388889;265;9.7;2.1265972222222;3.84;0;
"2017-04-26 00:00:00+02:00";6.8260416666667;5.9723611111111;43.543055555556;3.3232638888889;78.406597222222;982.99194444444;1007.9820833333;42;5.2;2.1002777777778;1.59;0;
"2017-04-27 00:00:00+02:00";5.1167361111111;4.7363194444444;49.272361111111;1.8540277777778;79.491319444445;986.33756944445;1011.5720833333;31;3.9;1.6032638888889;8.02;0.2;
"2017-04-28 00:00:00+02:00";5.8659027777777;5.1658333333333;45.339583333333;3.0430555555556;82.092013888889;982.14736111111;1007.1947222222;326;5.2;1.9319444444444;16.19;0;
"2017-04-29 00:00:00+02:00";7.0686805555556;6.3734722222222;45.041597222222;0.63694444444444;65.301111111111;988.58493055556;1013.69125;253;5.5;1.9325;0;0;
"2017-04-30 00:00:00+02:00";7.5389583333333;7.5863888888889;44.041319444444;0.81770833333334;64.1875;993.38368055556;1018.5725;127;4.5;1.2450694444444;0.45;0;
"2017-05-01 00:00:00+02:00";8.8246527777778;7.2119444444444;40.868541666667;1.9924305555556;63.344861111111;991.12590277779;1016.1400694444;72;7.7;3.0797222222222;0;0;
"2017-05-02 00:00:00+02:00";10.405277777778;9.5188888888889;36.304444444444;5.1188888888889;70.022361111111;991.37319444444;1016.2559027778;56;6;2.224375;0.53;0;
"2017-05-03 00:00:00+02:00";11.277430555556;10.651875;32.072777777778;6.7720833333334;73.998958333334;993.24861111111;1018.1022222222;58;5.4;1.9640277777778;9.31;0;
"2017-05-04 00:00:00+02:00";12.025555555556;12.105277777778;28.626944444445;8.5511805555555;79.465902777778;988.68694444444;1013.3525694444;63;5.2;1.1788888888889;4;0;
"2017-05-05 00:00:00+02:00";13.602083333333;13.153125;28.086597222222;8.6720138888889;73.213472222222;989.66861111111;1014.2264583333;44;6.5;1.8538194444444;1.86;1.4;
"2017-05-06 00:00:00+02:00";14.486875;14.276805555556;24.714861111111;10.617638888889;77.872569444444;986.47944444445;1010.8825;265;5.9;1.5510416666667;1.05;0;
"2017-05-07 00:00:00+02:00";13.615;12.898611111111;27.706180555556;8.0615972222222;70.351666666667;981.74493055556;1006.1005555556;284;6.9;2.1392361111111;0.19;0;
"2017-05-08 00:00:00+02:00";10.268819444444;8.7083333333333;36.296875;3.7811805555556;65.215208333333;982.65631944445;1007.3308333333;292;7.2;2.9923611111111;0.16;0;
"2017-05-09 00:00:00+02:00";5.6221527777778;4.3754861111111;47.977222222222;-3.8881944444444;51.543680555555;987.67715277778;1012.8945138889;336;7.4;2.4982638888889;0.01;0;
"2017-05-10 00:00:00+02:00";6.1402083333333;5.7281944444444;48.567708333333;-3.2156944444445;53.698055555556;985.91861111112;1011.0502083333;242;7.5;1.7351388888889;0;0;
"2017-05-11 00:00:00+02:00";13.174791666667;13.303958333333;35.453472222222;1.23;47.466180555556;981.01;1005.4020833333;274;6.4;1.2125;0;0;
"2017-05-12 00:00:00+02:00";13.366180555556;12.857986111111;29.466180555556;7.8877083333333;69.860069444444;979.4075;1003.73125;64;5.5;1.9011805555556;4.13;0;
"2017-05-13 00:00:00+02:00";13.053055555555;12.879791666667;26.263055555556;9.7096527777778;80.221041666667;984.44888888889;1008.9272222222;49;4.1;1.4736805555556;0;0;
"2017-05-14 00:00:00+02:00";15.678888888889;15.852013888889;27.394930555556;6.2715277777778;57.352847222222;993.55631944445;1018.0352083333;47;4.2;1.1125694444444;0;0;
"2017-05-15 00:00:00+02:00";15.7975;15.881805555556;28.071597222222;6.9733333333333;58.620972222222;998.54;1023.1334722222;274;5.5;1.2440972222222;0.04;0;
"2017-05-16 00:00:00+02:00";14.11875;14.183958333333;26.845277777778;9.2485416666666;73.249791666667;1001.4301388889;1026.2334027778;238;5.9;1.2220833333333;6.56;0;
"2017-05-17 00:00:00+02:00";16.137291666667;16.227152777778;27.688958333333;5.7890972222222;54.551736111111;999.22493055556;1023.8033333333;86;5.2;1.255625;0;0;
"2017-05-18 00:00:00+02:00";18.235069444444;18.072708333333;27.631805555556;6.1567361111111;48.145208333333;992.31069444445;1016.5461805556;54;5.7;1.614375;0;0;
"2017-05-19 00:00:00+02:00";20.421180555556;20.218333333333;26.914444444444;7.4460416666666;44.622916666667;987.2125;1011.1380555555;58;5.6;1.7057638888889;0;0;
"2017-05-20 00:00:00+02:00";17.375694444444;16.394722222222;25.688611111111;10.203819444444;63.453958333333;987.74173611111;1011.9279861111;273;8.4;2.6548611111111;0;0;
"2017-05-21 00:00:00+02:00";15.451111111111;14.200416666667;26.778333333333;8.569513888889;64.924305555555;993.324375;1017.8131944444;291;6.6;2.8268055555556;0;0;
"2017-05-22 00:00:00+02:00";17.745302713987;17.568336812804;26.664996520529;7.7231732776618;52.949478079332;992.68135003479;1016.955184412;343;4.8;1.5219206680585;0;0;
"2017-05-23 00:00:00+02:00";17.436458333333;17.596875;25.339861111111;10.098263888889;64.260902777778;989.46048611111;1013.6904166667;267;4;1.1215972222222;4.11;13.2;
"2017-05-24 00:00:00+02:00";13.471736111111;12.623888888889;27.518472222222;8.7630555555555;73.605486111111;988.39194444444;1012.9297916667;271;7.4;2.2711805555556;2.91;0;
"2017-05-25 00:00:00+02:00";13.159722222222;12.699166666667;28.845208333333;7.9864583333334;71.9325;990.68006944444;1015.3020138889;271;5.4;1.8210416666667;0.9;0;
"2017-05-26 00:00:00+02:00";15.514097222222;15.30625;27.485069444444;7.2563194444445;60.352222222222;991.96444444445;1016.410625;274;5.3;1.5850694444444;0.82;0;
"2017-05-27 00:00:00+02:00";16.275763888889;16.387361111111;26.278333333333;7.4675;58.891597222222;995.62736111111;1020.1033333333;37;5.1;1.1980555555556;0;0;
"2017-05-28 00:00:00+02:00";18.395902777778;18.588472222222;27.367986111111;6.6119444444444;50.220555555556;996.75743055556;1021.0853472222;172;4.5;1.1073611111111;0;0;
"2017-05-29 00:00:00+02:00";20.736875;20.307361111111;26.152638888889;8.2877083333334;48.154305555555;989.81340277777;1013.7766666667;259;6.4;2.054375;0;0;
"2017-05-30 00:00:00+02:00";22.189166666667;21.703958333333;25.100625;12.354236111111;56.08;986.596875;1010.3619444444;258;8.8;2.1305555555556;7.18;0;
"2017-05-31 00:00:00+02:00";20.468819444444;19.563333333333;24.192777777778;12.00625;59.70375;989.41784722222;1013.3907638889;280;7.4;2.6191666666667;0;0;
"2017-06-01 00:00:00+02:00";18.257430555556;17.300763888889;25.619444444444;2.71875;40.161666666667;992.06534722223;1016.2785416667;277;7.6;2.6375;0.01;0;
"2017-06-02 00:00:00+02:00";17.762222222222;17.402638888889;28.663402777778;2.7895833333333;40.867847222222;991.31534722222;1015.5638194445;272;7.3;1.899375;0;0;
"2017-06-03 00:00:00+02:00";18.637847222222;18.514652777778;27.384513888889;4.9680555555556;43.388263888889;989.98479166667;1014.1255555556;47;5.5;1.5329166666667;0;0;
"2017-06-04 00:00:00+02:00";20.599930555556;20.042361111111;26.074652777778;10.010694444444;53.704652777778;984.54645833333;1008.3992361111;254;8.6;2.1511111111111;11.18;0;
"2017-06-05 00:00:00+02:00";18.705;18.297777777778;24.777638888889;9.3051388888889;56.592152777778;988.74381944444;1012.8434722222;327;4.8;1.8303472222222;0;0;
"2017-06-06 00:00:00+02:00";22.061875;21.538541666667;25.935902777778;11.122777777778;52.064027777778;982.309375;1005.9878472222;113;6.5;2.1275694444444;3.49;0;
"2017-06-07 00:00:00+02:00";17.657916666667;16.064027777778;25.687847222222;6.6472916666667;50.898333333333;987.16881944444;1011.3195138889;264;8.6;3.3988194444444;0.5;0;
"2017-06-08 00:00:00+02:00";17.157986111111;16.769722222222;27.413819444444;4.4459722222222;44.669305555556;993.31604166667;1017.6611111111;284;5.8;1.8088194444444;0;0;
"2017-06-09 00:00:00+02:00";19.00375;18.921319444444;27.209097222222;5.1626388888889;43.557847222222;991.48916666667;1015.6364583333;70;5.2;1.4981944444444;0;0;
"2017-06-10 00:00:00+02:00";16.749722222222;16.124027777778;26.453611111111;8.9530555555556;60.85125;991.12083333333;1015.4456944444;267;8.7;2.1428472222222;0.39;0;
"2017-06-11 00:00:00+02:00";18.103125;17.9625;25.783125;8.3232638888889;56.348263888889;993.719375;1017.9923611111;263;5;1.4835416666667;0;0;
"2017-06-12 00:00:00+02:00";19.8475;19.540625;26.188541666667;10.340138888889;56.843958333333;986.10958333333;1010.060625;265;7.9;1.8984722222222;1.18;0;
"2017-06-13 00:00:00+02:00";18.130555555555;16.611597222222;26.046597222222;6.3483333333333;46.907222222222;987.63534722222;1011.7547222222;285;8.3;3.3186805555556;0;0;
"2017-06-14 00:00:00+02:00";16.664722222222;15.688680555556;27.329930555555;6.1033333333334;50.498055555556;990.06604166667;1014.3746527778;291;7.3;2.5305555555556;0;0;
"2017-06-15 00:00:00+02:00";17.241458333333;17.385347222222;28.009444444444;6.3996527777778;51.803055555555;991.75583333333;1016.0600694444;257;4.4;1.1625;0;0;
"2017-06-16 00:00:00+02:00";16.577847222222;16.001180555556;26.157777777778;10.259305555556;66.749791666667;986.615;1010.8401388889;282;7;2.0925;1.63;0;
"2017-06-17 00:00:00+02:00";13.271319444444;11.939652777778;28.190069444444;8.5054861111111;73.112708333334;989.65909722223;1014.2444444444;282;7.7;2.835625;1.51;0;
"2017-06-18 00:00:00+02:00";18.066180555556;17.427916666667;25.522291666667;9.7876388888889;60.167777777778;994.98659722222;1019.2963194444;308;5.7;2.1220833333333;0;0;
"2017-06-19 00:00:00+02:00";20.820208333333;20.834513888889;25.658125;11.320208333333;56.674236111111;995.36041666666;1019.4476388889;251;5.2;1.3720138888889;0;0;
"2017-06-20 00:00:00+02:00";23.729652777778;23.501388888889;25.701180555556;11.873472222222;51.062847222222;989.36770833334;1013.0780555556;263;7.2;1.8614583333333;0;0;
"2017-06-21 00:00:00+02:00";21.731944444444;21.229166666667;25.071944444444;7.1140972222222;41.021805555556;988.87972222222;1012.733125;316;6.1;2.06375;0.03;0;
"2017-06-22 00:00:00+02:00";21.095833333333;20.847361111111;26.606736111111;7.8913194444444;45.936527777778;987.76048611111;1011.6425;257;6.8;1.7991666666667;0;0;
"2017-06-23 00:00:00+02:00";19.863472222222;18.763194444444;23.731458333333;13.111666666667;65.652083333333;983.62645833333;1007.5056944444;278;10.5;2.8539583333333;10.28;0;
"2017-06-24 00:00:00+02:00";21.971180555556;21.198125;24.714791666667;11.928958333333;55.303888888889;986.97145833333;1010.7645833333;259;8.9;2.5481944444444;0;0;
"2017-06-25 00:00:00+02:00";22.858333333333;22.360208333333;25.160138888889;10.715486111111;49.8225;985.04486111112;1008.7172916667;265;8.2;2.2340277777778;0.01;0;
"2017-06-26 00:00:00+02:00";22.448125;21.870694444444;24.891527777778;11.592430555556;51.266527777778;984.95243055556;1008.6509722222;274;8.2;2.2233333333333;0;0;
"2017-06-27 00:00:00+02:00";22.255277777778;21.561666666667;25.367916666667;12.174861111111;53.607291666667;985.48076388889;1009.2130555556;76;5.7;2.329375;0;0;
"2017-06-28 00:00:00+02:00";26.040902777778;25.583958333333;26.840486111111;13.065069444444;48.132291666667;977.82777777778;1001.0767361111;133;7.9;2.2079166666667;0.05;0;
"2017-06-29 00:00:00+02:00";22.741736111111;21.871527777778;24.598611111111;12.755;55.325138888889;971.97291666667;995.33034722222;212;11;2.675625;0.28;0;
"2017-06-30 00:00:00+02:00";21.219305555556;19.749375;25.243055555556;8.6729166666667;45.688125;978.49458333334;1002.1380555556;243;10.5;3.5125;0.39;0;
"2017-07-01 00:00:00+02:00";18.909305555556;18.257638888889;25.070277777778;9.7527777777778;56.949722222222;981.47326388888;1005.3738888889;256;8.5;2.249375;0.05;0;
"2017-07-02 00:00:00+02:00";18.065902777778;16.398402777778;25.435486111111;9.4304166666666;57.580902777778;985.32354166667;1009.3883333333;262;9.1;3.490625;0.38;0;
"2017-07-03 00:00:00+02:00";17.494375;16.502430555556;26.012777777778;6.5251388888889;50.742291666667;991.51930555556;1015.7895833333;299;8.3;2.609375;0.06;0;
"2017-07-04 00:00:00+02:00";16.905555555556;16.367569444444;28.329791666667;6.4142361111111;51.8725;991.76486111111;1016.0953472222;264;9.1;2.126875;0.01;0;
"2017-07-05 00:00:00+02:00";18.125;17.833263888889;26.438680555556;8.5911111111111;56.253472222222;992.00472222222;1016.2318055555;292;7.1;1.8041666666667;7.39;0.5;
"2017-07-06 00:00:00+02:00";17.950277777778;17.849166666667;24.981388888889;8.546875;57.440069444444;993.26333333334;1017.5397222222;322;5.1;1.4665972222222;0;0;
"2017-07-07 00:00:00+02:00";18.262847222222;18.465208333333;25.89;10.520555555556;61.896319444444;990.34347222222;1014.5252777778;269;4.8;1.0919444444444;1.38;0;
"2017-07-08 00:00:00+02:00";19.455416666667;19.233125;22.763333333333;14.121944444444;72.441458333333;987.05597222222;1011.0541666667;259;7.1;1.6698611111111;7.98;0;
"2017-07-09 00:00:00+02:00";21.212847222222;21.329375;24.184652777778;11.269652777778;57.779722222222;988.97666666667;1012.8802777778;260;5.6;1.2095138888889;0;0;
"2017-07-10 00:00:00+02:00";22.895;22.963333333333;25.248888888889;14.301875;59.359375;985.31402777778;1008.9859722222;174;8.5;1.2859722222222;8.43;0;
"2017-07-11 00:00:00+02:00";20.584930555556;20.233055555556;22.499097222222;15.629097222222;73.545416666667;984.31930555555;1008.1527083333;256;6;1.8174305555556;3.52;0;
"2017-07-12 00:00:00+02:00";21.814652777778;21.342222222222;24.207430555556;11.368541666667;55.046458333333;985.09888888889;1008.8570833333;247;6.2;2.0380555555556;1.52;0;
"2017-07-13 00:00:00+02:00";16.543819444444;14.621180555556;25.828125;8.6672222222222;61.190902777778;987.13159722222;1011.3723611111;269;10.6;3.7663194444444;0.75;0;
"2017-07-14 00:00:00+02:00";16.830555555556;16.882222222222;27.678125;5.7021527777778;50.050902777778;989.90673611111;1014.1947222222;285;4.5;1.2580555555556;0;0;
"2017-07-15 00:00:00+02:00";16.006319444444;15.825486111111;26.694652777778;8.1743055555556;61.097847222222;990.06756944445;1014.4309722222;275;4.9;1.5353472222222;0.09;0;
"2017-07-16 00:00:00+02:00";17.672916666667;17.621944444444;26.716875;6.8331944444445;52.605208333333;995.01277777778;1019.3572916667;268;5.3;1.4275694444444;0;0;
"2017-07-17 00:00:00+02:00";18.819583333333;18.609722222222;25.877083333333;9.5721527777778;57.007291666667;994.31833333333;1018.5521527778;264;6.3;1.6738888888889;0.04;0;
"2017-07-18 00:00:00+02:00";21.49;21.667916666667;24.744444444444;10.983888888889;55.343888888889;994.10402777778;1018.1125;276;4.5;1.1272916666667;0;0;
"2017-07-19 00:00:00+02:00";23.664930555555;23.696180555556;26.130069444445;11.523819444444;48.668611111111;990.18750000001;1013.9202083333;74;4.7;1.3181944444444;0;0;
"2017-07-20 00:00:00+02:00";24.864861111111;24.664791666667;26.2125;12.354861111111;49.690277777778;985.02868055556;1008.5417361111;292;6.4;1.82;0;0;
"2017-07-21 00:00:00+02:00";20.715277777778;20.478125;22.581458333333;15.690763888889;73.225694444445;987.16236111111;1011.0590972222;279;5.3;1.6444444444444;4.9;0;
"2017-07-22 00:00:00+02:00";22.829236111111;22.671944444444;24.212569444444;13.120763888889;58.386666666667;988.94819444444;1012.7165277778;126;6;1.5956944444444;0.09;0;
"2017-07-23 00:00:00+02:00";21.587361111111;21.329027777778;23.420694444444;15.212847222222;68.475486111111;987.67993055554;1011.5194444444;258;8.7;1.7529166666667;1.17;0;
"2017-07-24 00:00:00+02:00";21.846736111111;21.750625;24.163958333333;12.432569444444;58.703472222222;982.77111111111;1006.47375;110;5.9;1.5486805555556;0.65;0;
"2017-07-25 00:00:00+02:00";18.040972222222;17.115972222222;23.76375;12.175972222222;69.086736111111;975.54888888889;999.37868055556;256;7.3;2.4928472222222;0.04;0;
"2017-07-26 00:00:00+02:00";17.527430555556;16.907013888889;26.284444444444;8.0290972222222;54.984097222222;977.06874999999;1000.9823611111;248;7.5;2.1664583333333;0;0;
"2017-07-27 00:00:00+02:00";17.700833333333;17.290138888889;25.960694444444;9.7825;60.947847222222;980.77743055555;1004.769375;260;7.7;1.9357638888889;0;0;
"2017-07-28 00:00:00+02:00";18.423680555556;18.024513888889;24.269166666667;11.738819444444;66.476180555556;984.363125;1008.3819444444;249;7.4;1.8855555555556;0.07;0;
"2017-07-29 00:00:00+02:00";20.286388888889;19.73875;24.594444444444;9.9167361111111;54.474583333333;990.06777777778;1014.0654166667;271;6.5;2.1168055555556;0;0;
"2017-07-30 00:00:00+02:00";24.153125;24.321111111111;27.108888888889;11.335833333333;48.412847222222;989.22791666667;1012.9044444445;255;5.1;1.1795833333333;0;0;
"2017-07-31 00:00:00+02:00";26.779305555556;26.744375;27.622986111111;14.962916666667;50.233888888889;990.26736111112;1013.7531944444;273;6.1;1.5661111111111;0;0;
"2017-08-01 00:00:00+02:00";28.496041666667;28.688472222222;28.704166666667;14.89125;47.454930555556;992.49902777777;1015.9009027778;237;4.4;1.1489583333333;0;0;
"2017-08-02 00:00:00+02:00";26.175347222222;26.180347222222;26.901805555556;15.597083333333;53.749652777778;991.30979166667;1014.8660416667;288;6.7;1.4495833333333;0.01;0;
"2017-08-03 00:00:00+02:00";26.849525893509;26.79693654267;27.22654996353;14.00299051787;49.352151714077;989.3757840992;1012.8359591539;273;9.1;1.6298322392414;0;0;
"2017-08-04 00:00:00+02:00";24.855418908532;24.755880092237;25.881706379708;15.659338970023;57.58478093774;986.71575710992;1010.2659492698;250;6.3;1.5481168332052;0.02;0;
"2017-08-05 00:00:00+02:00";25.672361111111;25.572847222222;26.061041666667;13.161805555556;48.751736111111;987.79368055556;1011.3042361111;271;6;1.5570138888889;0;0;
"2017-08-06 00:00:00+02:00";19.701041666667;19.431319444444;23.376180555556;13.470208333333;67.774791666667;991.84909722222;1015.9431944444;269;6.1;1.6960416666667;1.91;0;
"2017-08-07 00:00:00+02:00";17.520208333333;17.228055555556;25.682013888889;9.4922916666667;59.769444444444;995.90812499999;1020.279375;73;5.4;1.6771527777778;1.38;0;
"2017-08-08 00:00:00+02:00";18.200694444444;17.088680555556;26.054583333333;10.588958333333;62.691805555556;992.85361111111;1017.0980555556;84;6.9;2.8459722222222;0;0;
"2017-08-09 00:00:00+02:00";24.25;24.253819444444;27.039027777778;13.942777777778;55.153611111111;990.7854861111;1014.4852083333;70;4.1;1.3922222222222;0;0;
"2017-08-10 00:00:00+02:00";26.990486111111;26.977222222222;27.482569444444;16.537569444444;54.828263888889;989.83256944444;1013.29;59;5.5;1.4198611111111;0.01;0;
"2017-08-11 00:00:00+02:00";27.844444444444;27.262361111111;28.752152777778;15.354444444444;47.755763888889;986.59;1009.9041666667;109;11;2.4356944444444;0.13;0;
"2017-08-12 00:00:00+02:00";18.281388888889;17.658194444444;22.746944444444;13.548611111111;74.079027777778;987.60034722222;1011.7145833333;266;7;2.1154166666667;13.7;0;
"2017-08-13 00:00:00+02:00";17.301944444445;17.239305555556;25.864513888889;9.7993055555556;62.060833333333;992.15326388889;1016.4583333333;276;3.8;1.3736111111111;0;0;
"2017-08-14 00:00:00+02:00";18.822916666667;18.758611111111;24.917777777778;10.61375;60.549861111111;996.24027777777;1020.5111805556;338;5.1;1.4511111111111;0;0;
"2017-08-15 00:00:00+02:00";20.732013888889;20.313125;26.172777777778;8.5793055555555;47.368055555556;995.98840277778;1020.1;86;5.6;1.9243055555556;0;0;
"2017-08-16 00:00:00+02:00";22.952013888889;23.010972222222;26.431805555556;10.430694444444;47.927013888889;993.19180555554;1017.0588194444;300;5.8;1.3288888888889;0;0;
"2017-08-17 00:00:00+02:00";22.454791666667;22.447569444444;24.615625;13.600208333333;58.979861111111;993.67791666666;1017.5917361111;356;4.1;1.3473611111111;0;0;
"2017-08-18 00:00:00+02:00";24.562569444444;24.902569444445;25.734583333333;12.847361111111;52.568680555556;990.71451388889;1014.3865277778;234;4;0.86993055555556;0;0;
"2017-08-19 00:00:00+02:00";20.601666666667;20.365;23.445902777778;13.708055555556;66.159652777778;989.77041666666;1013.7409722222;275;7.3;1.7366666666667;11.97;0;
"2017-08-20 00:00:00+02:00";14.917986111111;14.683680555556;23.207222222222;11.788611111111;81.584513888889;992.63847222222;1017.1597222222;296;5.1;1.5638888888889;40.04;0;
"2017-08-21 00:00:00+02:00";14.825763888889;14.296041666667;27.121875;8.2911805555556;66.822916666667;993.52034722223;1018.0659722222;266;6.6;1.968125;1.04;0;
"2017-08-22 00:00:00+02:00";15.325486111111;14.344513888889;27.731319444445;7.5831944444444;61.291875;992.13645833334;1016.6046527778;277;7;2.5207638888889;0.01;0;
"2017-08-23 00:00:00+02:00";14.656041666667;13.898888888889;28.434305555556;7.8316666666667;64.243680555556;991.27666666667;1015.7820138889;268;8.1;2.1968055555556;0.09;0;
"2017-08-24 00:00:00+02:00";17.120069444444;17.004652777778;27.580416666667;7.2008333333334;55.812152777778;990.96868055556;1015.26375;258;6.8;1.5613194444444;0;0;
"2017-08-25 00:00:00+02:00";20.461180555556;20.488333333333;25.543194444444;11.385763888889;58.056527777778;991.76048611112;1015.794375;276;7.4;1.3602777777778;4.93;1.7;
"2017-08-26 00:00:00+02:00";20.824513888889;20.956805555556;22.995;14.759166666667;69.628055555556;991.34798611111;1015.3347916667;50;4.4;1.1555555555556;0.2;0;
"2017-08-27 00:00:00+02:00";22.208888888889;21.791319444444;23.961666666667;13.965;61.787430555556;987.77222222222;1011.5589583333;293;7.6;2.0286111111111;4.85;0;
"2017-08-28 00:00:00+02:00";17.739722222222;17.52125;26.044166666667;8.5750694444444;56.115694444444;992.16729166667;1016.4340972222;297;5;1.5913194444444;0;0;
"2017-08-29 00:00:00+02:00";17.084236111111;17.3675;26.576875;8.4590972222222;59.319722222222;993.47576388888;1017.8294444444;159;3.6;0.97958333333334;0;0;
"2017-08-30 00:00:00+02:00";19.600625;19.929791666667;26.686736111111;8.8729861111111;53.760833333333;990.67875;1014.7565277778;277;4.7;0.94388888888889;0;0;
"2017-08-31 00:00:00+02:00";21.51125;21.939097222222;26.049652777778;10.036180555556;52.930625;987.77715277778;1011.6323611111;258;4.3;0.79826388888889;0;0;
"2017-09-01 00:00:00+02:00";20.192638888889;19.858194444444;23.906319444444;13.488611111111;66.877222222222;986.75013888888;1010.68125;268;8.7;1.7525;6.91;0;
"2017-09-02 00:00:00+02:00";13.868402777778;13.091180555556;27.459444444444;8.7997916666666;71.836736111111;987.585625;1012.0570833333;291;6.1;2.1876388888889;0;0;
"2017-09-03 00:00:00+02:00";13.287361111111;13.101041666667;27.373263888889;9.0309722222222;75.677638888889;984.49930555555;1008.9513194444;335;5.1;1.5034722222222;11.08;0;
"2017-09-04 00:00:00+02:00";14.319513888889;13.311527777778;27.984791666667;7.4770138888889;64.963680555556;986.684375;1011.1015972222;275;6.8;2.4990972222222;0.31;0;
"2017-09-05 00:00:00+02:00";13.003194444444;11.693263888889;28.388888888889;8.2676388888889;73.394722222222;989.39173611111;1013.9879861111;260;7.7;2.8051388888889;1.28;0;
"2017-09-06 00:00:00+02:00";16.097013888889;15.463819444444;24.511736111111;10.599583333333;71.278680555555;985.99243055556;1010.2445138889;256;5.8;2.0663888888889;1.16;0;
"2017-09-07 00:00:00+02:00";15.011597222222;13.438194444444;27.3675;7.7850694444444;62.909583333333;985.320625;1009.6524305556;257;7.6;3.2084027777778;0;0;
"2017-09-08 00:00:00+02:00";16.075625;15.444027777778;27.905555555555;6.4561805555556;54.740902777778;986.55951388889;1010.8355555556;250;7.3;2.1386111111111;0;0;
"2017-09-09 00:00:00+02:00";18.562013888889;18.467916666667;27.322013888889;8.6207638888889;55.133472222222;979.69881944445;1003.6029861111;261;8.1;1.5732638888889;0;0;
"2017-09-10 00:00:00+02:00";20.060694444444;20.294236111111;25.274305555556;11.198541666667;58.968194444444;979.39590277778;1003.160625;271;5.6;1.0675;0;0;
"2017-09-11 00:00:00+02:00";21.250625;21.492083333333;23.725347222222;13.733611111111;64.442430555556;977.95173611111;1001.5859027778;305;4.4;1.0311805555556;1.11;0;
"2017-09-12 00:00:00+02:00";14.518333333333;13.923958333333;24.794027777778;10.863958333333;78.824930555556;980.32972222222;1004.5815972222;266;5.6;1.9889583333333;12.54;0;
"2017-09-13 00:00:00+02:00";15.769583333333;14.465902777778;27.027708333333;6.8439583333334;57.960416666667;983.97083333334;1008.2097222222;247;10.3;3.0047222222222;0;0;
"2017-09-14 00:00:00+02:00";20.819930555556;19.218263888889;26.238055555555;8.5795833333334;47.553819444444;979.01916666667;1002.7143055556;256;9.6;3.5740972222222;1.43;0;
"2017-09-15 00:00:00+02:00";13.275972222222;12.158819444444;31.080208333333;5.534375;59.948263888889;986.90430555556;1011.4170138889;247;9.6;2.6034027777778;0;0;
"2017-09-16 00:00:00+02:00";13.465555555555;13.694652777778;27.842708333333;8.8818055555556;73.893263888889;986.85423611111;1011.3590972222;62;3.1;1.0236111111111;0.67;0;
"2017-09-17 00:00:00+02:00";13.205486111111;12.865277777778;25.862708333333;9.9439583333333;80.649791666667;983.44430555556;1007.8926388889;348;5.9;1.666875;19.4;0.3;
"2017-09-18 00:00:00+02:00";13.112777777778;12.00375;30.259652777778;6.1819444444444;64.860972222222;987.88930555556;1012.4459722222;262;8.5;2.6251388888889;0;0;
"2017-09-19 00:00:00+02:00";10.644236111111;10.330902777778;32.868402777778;6.7709027777778;77.251666666667;988.95875;1013.76875;19;5;1.6446527777778;1.33;0;
"2017-09-20 00:00:00+02:00";11.315138888889;10.582986111111;29.628402777778;8.0602777777778;80.431597222222;987.51201388889;1012.2055555556;353;5.6;2.0794444444444;0.64;0;
"2017-09-21 00:00:00+02:00";11.091597222222;10.201111111111;30.5775;7.6083333333332;79.201111111111;987.36076388889;1012.0673611111;313;5.9;2.2563194444444;20.59;0;
"2017-09-22 00:00:00+02:00";11.215972222222;10.874861111111;29.058819444445;8.2947222222221;82.244513888889;991.19909722222;1016.0082638889;264;4.7;1.646875;0;0;
"2017-09-23 00:00:00+02:00";11.229930555556;10.525763888889;28.171944444444;8.6452777777777;84.112361111111;990.50333333333;1015.29625;249;13.3;2.0465277777778;8.25;0;
"2017-09-24 00:00:00+02:00";13.649513888889;13.893680555556;26.067430555556;9.595625;77.261736111111;993.53375;1018.1886111111;66;3.7;1.0097916666667;18.16;0;
"2017-09-25 00:00:00+02:00";13.835138888889;13.529097222222;26.295138888889;9.5322916666667;76.024027777778;996.28076388889;1020.9834722222;70;5.2;1.6663888888889;0.03;0;
"2017-09-26 00:00:00+02:00";11.883125;11.651736111111;28.007569444445;8.7714583333333;81.384027777778;1000.1483333333;1025.1132638889;50;5.9;1.5277777777778;0;0;
"2017-09-27 00:00:00+02:00";13.3275;12.240763888889;30.199166666667;6.6311111111111;65.305972222222;1001.5265972222;1026.4002083333;73;6.6;2.5798611111111;0;0;
"2017-09-28 00:00:00+02:00";12.016041666667;11.229305555556;34.297986111111;4.485625;61.270486111111;1003.2247222222;1028.2617361111;69;5.8;2.2002777777778;0;0;
"2017-09-29 00:00:00+02:00";10.737847222222;10.720763888889;36.510555555556;4.7572222222222;67.297777777778;1000.9934027778;1026.0873611111;73;3.3;1.280625;0;0;
"2017-09-30 00:00:00+02:00";10.668541666667;10.701319444444;35.711736111111;4.8648611111111;68.358541666667;997.83638888888;1022.855;63;3.9;1.2548611111111;0;0;
"2017-10-01 00:00:00+02:00";10.120486111111;10.503958333333;38.107777777778;2.9384027777778;63.623333333333;997.86354166667;1022.9338888889;339;4.5;0.89527777777778;0;0;
"2017-10-02 00:00:00+02:00";10.735277777778;11.176736111111;38.079861111111;3.1721527777778;62.772152777778;995.74909722222;1020.7185416667;241;4.5;0.84194444444445;0;0;
"2017-10-03 00:00:00+02:00";10.956736111111;11.099444444444;31.964444444444;7.3243055555555;78.492222222222;988.12805555555;1012.87875;271;15.8;1.1419444444444;5.37;0;
"2017-10-04 00:00:00+02:00";12.167847222222;10.723541666667;31.723472222222;5.730625;65.766875;993.09159722222;1017.8586805556;256;8.8;2.9545138888889;0;0;
"2017-10-05 00:00:00+02:00";12.055625;9.4269444444444;32.363888888889;5.2695138888889;63.725625;979.95902777778;1004.4108333333;246;13;4.3832638888889;1.44;0;
"2017-10-06 00:00:00+02:00";9.4820833333333;7.0700694444444;37.420347222222;3.8363888888889;68.503263888889;981.56916666667;1006.2861805556;255;10;3.9451388888889;4.51;0;
"2017-10-07 00:00:00+02:00";9.4130555555556;8.8318055555556;36.693263888889;4.8332638888889;73.533125;988.55305555556;1013.4576388889;260;5.7;1.8924305555556;0.34;0;
"2017-10-08 00:00:00+02:00";9.9071527777778;8.4227777777778;36.124305555555;4.843125;70.995069444444;983.74673611111;1008.4760416667;249;7.7;2.8894444444444;1.87;0;
"2017-10-09 00:00:00+02:00";7.9556250000001;6.2500694444444;41.831527777778;2.11;67.432083333333;988.02631944444;1013.0451388889;262;8.7;3.0868055555556;0.07;0;
"2017-10-10 00:00:00+02:00";9.7354166666667;8.6261805555556;37.108611111111;4.1779166666667;68.524652777778;988.84034722222;1013.7128472222;257;6.7;2.4616666666667;0.08;0;
"2017-10-11 00:00:00+02:00";13.343472222222;11.923055555556;29.404722222222;7.7921527777778;69.409722222222;991.03131944444;1015.6472916667;251;7.1;2.9790972222222;0;0;
"2017-10-12 00:00:00+02:00";14.442847222222;13.397569444444;28.653333333333;7.6429166666667;65.012708333333;991.39659722222;1015.924375;264;9.8;2.7003472222222;0.02;0;
"2017-10-13 00:00:00+02:00";12.045277777778;10.728333333333;33.195555555555;4.413125;59.946111111111;995.99097222222;1020.8452777778;269;7.7;2.7936111111111;0;0;
"2017-10-14 00:00:00+02:00";12.392013888889;11.984513888889;31.506875;6.9332638888889;69.849791666667;999.30951388889;1024.2128472222;255;6.1;1.7913194444444;0;0;
"2017-10-15 00:00:00+02:00";15.696805555556;15.250902777778;26.450833333333;9.6918055555556;68.070694444444;1000.33;1024.9720138889;271;6.7;1.8836805555556;0;0;
"2017-10-16 00:00:00+02:00";15.069166666667;15.004652777778;28.61625;8.7630555555555;68.628125;998.90708333333;1023.5709027778;262;5.5;1.4188194444444;0;0;
"2017-10-17 00:00:00+02:00";14.908125;14.947152777778;27.891111111111;8.4979861111111;68.844791666667;997.3811111111;1022.0224305556;268;5.8;1.2435416666667;0;0;
"2017-10-18 00:00:00+02:00";14.321527777778;14.74;29.791944444444;7.58625;67.114861111111;990.80451388889;1015.3354166667;287;2.7;0.814375;0;0;
"2017-10-19 00:00:00+02:00";12.570694444444;12.803541666667;30.790208333333;7.4940277777778;72.242708333333;989.07368055555;1013.7061111111;251;3.8;1.0488194444444;0.01;0;
"2017-10-20 00:00:00+02:00";11.045208333333;11.232361111111;29.535486111111;8.1238194444444;82.238888888889;990.8125;1015.6164583333;88;3.9;1.0646527777778;0;0;
"2017-10-21 00:00:00+02:00";11.143263888889;11.034652777778;30.077638888889;7.8574305555555;80.426805555556;989.42833333333;1014.1925;248;3.9;1.3952777777778;0;0;
"2017-10-22 00:00:00+02:00";9.2652083333334;9.1707638888889;33.647013888889;6.5230555555555;83.05375;987.76541666666;1012.6663888889;283;5.7;1.3515277777778;1.19;0;
"2017-10-23 00:00:00+02:00";9.20875;8.889375;34.615833333333;6.1359722222222;81.142708333333;985.70125;1010.5424305556;330;14;1.6011805555556;6.25;0;
"2017-10-24 00:00:00+02:00";7.1327777777778;6.61375;43.214791666667;3.0625;75.430138888889;996.21305555555;1021.5045833333;50;4.7;1.7879861111111;0;0;
"2017-10-25 00:00:00+02:00";7.8363194444445;8.0560416666667;41.662291666667;3.87125;76.123888888889;996.23055555555;1021.4708333333;97;4.1;1.0156944444444;0.01;0;
"2017-10-26 00:00:00+02:00";13.043263888889;12.088541666667;29.68;7.3095138888889;68.68125;994.50055555555;1019.2241666667;272;6.4;2.3863194444444;0;0;
"2017-10-27 00:00:00+02:00";9.9554166666666;9.1092361111111;34.587083333333;6.0315972222222;76.662638888889;986.80243055555;1011.6120138889;269;5.4;2.1752083333333;3.72;0;
"2017-10-28 00:00:00+02:00";7.5461805555556;5.2974305555556;42.157361111111;3.2408333333333;74.348611111111;983.89868055556;1008.8445138889;259;8.6;3.6335416666667;0.19;0;
"2017-10-29 00:00:00+02:00";6.6685333333334;3.2562666666667;46.237133333334;1.192;68.381;965.71233333333;990.2728;269;10.6;4.858;12.89;0;
"2017-10-30 00:00:00+01:00";4.0553472222222;1.2438888888889;55.721597222222;-3.1092361111111;59.968819444444;983.27791666667;1008.5268055556;289;11.8;4.0365277777778;0.94;0;
"2017-10-31 00:00:00+01:00";3.5317361111111;1.8028472222222;57.998333333333;-2.3813194444444;65.981736111111;993.84777777778;1019.415625;277;8.4;2.915625;0.02;0;
"2017-11-01 00:00:00+01:00";7.413125;5.7220138888889;44.141597222222;1.0220138888889;64.521666666667;992.46979166666;1017.6477777778;258;8.4;3.0155555555556;0.02;0;
"2017-11-02 00:00:00+01:00";9.9454166666667;8.5922222222222;36.352916666667;4.7815277777777;70.59625;985.08868055556;1009.8546527778;264;7;2.7571527777778;2.04;0;
"2017-11-03 00:00:00+01:00";8.6281944444445;8.1302777777778;37.777708333334;4.9111111111111;77.5375;989.40152777778;1014.3979166667;261;4.1;1.7838194444444;0.23;0;
"2017-11-04 00:00:00+01:00";7.9711805555556;8.4884027777778;42.916597222222;2.0772222222222;67.893958333333;990.92590277777;1016.0134722222;130;3.5;0.74194444444444;0;0;
"2017-11-05 00:00:00+01:00";8.6286111111111;8.8207638888889;42.819513888889;1.1754166666667;61.127361111111;985.53666666667;1010.4354166667;31;5.2;1.1065277777778;0;0;
"2017-11-06 00:00:00+01:00";8.7611111111111;9.1044444444444;41.042986111111;2.8899305555555;67.433125;990.89673611111;1015.9091666667;320;3.2;0.91868055555556;0;0;
"2017-11-07 00:00:00+01:00";8.0090972222222;7.3680555555556;41.863194444444;2.6144444444445;69.000138888889;996.23340277778;1021.4452777778;71;6.1;1.9175694444444;0;0;
"2017-11-08 00:00:00+01:00";5.6573611111111;4.4840972222222;49.546875;0.83423611111111;71.183125;994.19777777778;1019.5690277778;89;6.2;2.3947222222222;0;0;
"2017-11-09 00:00:00+01:00";6.1180555555556;6.2696527777778;47.369930555556;1.8988888888889;74.401736111111;994.2807638889;1019.626875;239;4.2;1.1170138888889;0;0;
"2017-11-10 00:00:00+01:00";8.1144444444445;6.8022222222222;42.009652777778;1.3752777777778;62.944722222222;988.83305555556;1013.8622222222;254;11.2;2.6555555555556;0.02;0;
"2017-11-11 00:00:00+01:00";6.1788888888889;3.626875;47.975694444444;-0.85875;61.104236111111;981.52361111111;1006.5371527778;253;10.1;3.8770138888889;1.1;0;
"2017-11-12 00:00:00+01:00";5.106875;4.4533333333333;50.926597222222;-0.14416666666667;69.640416666667;977.00423611111;1001.9963888889;223;4.8;1.871875;3.15;0.1;
"2017-11-13 00:00:00+01:00";4.0988194444445;3.5745833333333;53.342430555556;0.93979166666667;79.917291666667;979.56784722222;1004.7242361111;270;4.6;1.7434722222222;2.14;0;
"2017-11-14 00:00:00+01:00";3.5427083333334;3.3684027777778;57.607916666666;-1.2920138888889;71.137222222222;995.030625;1020.635625;271;4.2;1.4120833333333;0;0;
"2017-11-15 00:00:00+01:00";2.3534722222222;2.8214583333333;63.755833333333;-2.3497916666667;71.644027777778;999.671875;1025.5063194444;260;2.8;0.81673611111111;0;0;
"2017-11-16 00:00:00+01:00";3.4186111111111;3.6163194444444;59.483263888889;-2.144375;68.153680555556;999.09020833334;1024.8111111111;90;4.7;1.0873611111111;0.01;0;
"2017-11-17 00:00:00+01:00";4.1445138888889;3.9886111111111;53.732569444444;0.66868055555556;78.157638888889;995.42770833334;1020.99375;249;3.6;1.3955555555556;1.12;0;
"2017-11-18 00:00:00+01:00";4.2114583333333;4.1232638888889;54.343055555555;-0.50347222222223;71.742083333333;990.28916666667;1015.7127083333;278;4.8;1.3315972222222;0;0;
"2017-11-19 00:00:00+01:00";4.0697916666667;2.0975;55.894583333333;-2.1958333333333;63.972222222222;982.21965277779;1007.4463194444;250;7;3.1727777777778;0.13;0;
"2017-11-20 00:00:00+01:00";2.4147222222222;-0.068125;62.074583333333;-2.3135416666667;71.532986111111;984.96569444444;1010.4049305556;263;8.3;3.6065972222222;0.28;0;
"2017-11-21 00:00:00+01:00";3.2209027777778;3.4518055555556;58.041666666667;-0.37222222222222;77.365416666667;985.88548611111;1011.2715277778;218;4.7;1.0272916666667;0.67;0;
"2017-11-22 00:00:00+01:00";5.8561111111111;6.2824305555556;45.83;2.9248611111111;81.486527777778;985.63277777777;1010.7807638889;142;3.7;0.85;0.24;0;
"2017-11-23 00:00:00+01:00";6.2252777777778;6.6326388888889;46.932777777778;2.2371527777778;76.111041666667;987.68826388888;1012.8527083333;358;2.4;0.86222222222222;0;0;
"2017-11-24 00:00:00+01:00";5.6661111111111;6.2151388888889;49.603888888889;1.431875;74.954236111111;989.37923611112;1014.6400694444;228;1.9;0.715625;0;0;
"2017-11-25 00:00:00+01:00";6.7443609022556;6.8184747583244;46.810096670247;1.3872180451128;70.661331901181;985.29291084855;1010.3551020408;136;5.4;1.2451127819549;0;0;
"2017-11-26 00:00:00+01:00";;;;;;;;;;;;;
"2017-11-27 00:00:00+01:00";1.91640969163;1.9947136563877;64.863876651982;-2.3459251101322;73.43281938326;993.59658590308;1019.3051762115;233;5.1;1.170704845815;0.01;0;
"2017-11-28 00:00:00+01:00";2.3594444444444;2.7988888888889;63.476805555555;-4.3027083333333;62.175;985.04930555555;1010.5018055556;195;3.5;0.84569444444444;0;0;
"2017-11-29 00:00:00+01:00";2.1227777777778;2.7373611111111;62.815902777778;-1.3345138888889;77.954375;981.67298611111;1007.060625;336;3;0.67402777777778;1.3;0.1;
"2017-11-30 00:00:00+01:00";0.95451388888889;-0.19777777777778;68.065347222223;-2.0847916666667;80.132916666667;974.41784722222;999.71597222223;84;8.5;2.316875;0.01;0;
"2017-12-01 00:00:00+01:00";0.74569444444444;-0.15979166666667;70.539027777778;-3.1511111111111;75.22875;985.83972222222;1011.4619444444;250;7.1;2.0846527777778;0;0;
"2017-12-02 00:00:00+01:00";-2.2446527777778;-2.0265972222222;86.645763888889;-5.3947222222222;79.011736111111;996.43472222222;1022.6272222222;266;3.2;1.0436805555556;0;0;
"2017-12-03 00:00:00+01:00";0.0013194444444443;-0.4875;73.75361111111;-3.581875;76.894027777778;994.36125;1020.2805555556;16;4.7;1.6696527777778;0;0;
"2017-12-04 00:00:00+01:00";0.195625;-1.89875;72.926527777778;-3.9711111111111;73.691458333333;991.24284722222;1017.0571527778;257;9.5;3.1420833333333;0.01;0;
"2017-12-05 00:00:00+01:00";2.2158333333334;0.51861111111111;63.091041666667;-2.0340972222222;73.661388888889;996.98611111111;1022.7625694444;263;6.3;2.8402777777778;0.09;0;
"2017-12-06 00:00:00+01:00";4.175625;1.2702083333333;55.066597222222;-0.41909722222222;72.145347222222;996.12215277778;1021.7004861111;260;9.1;4.1177083333333;0.1;0;
"2017-12-07 00:00:00+01:00";4.1075;2.5240277777778;55.883888888889;-2.7984722222222;60.92125;992.67881944445;1018.1549305556;252;7.8;2.8274305555556;0;0;
"2017-12-08 00:00:00+01:00";5.0202083333333;4.5747222222222;51.23625;-3.48375;55.556041666667;981.65534722222;1006.7714583333;255;8.2;1.7125;0.13;0;
"2017-12-09 00:00:00+01:00";1.7885416666667;1.4709722222222;65.272708333333;-3.6820833333333;67.211944444445;980.79875;1006.1986805556;273;5.4;1.5261805555556;0;0;
"2017-12-10 00:00:00+01:00";1.7474305555556;0.48326388888889;61.112638888889;-7.2618055555555;52.258958333333;976.42958333333;1001.7225694444;229;7.7;2.4147222222222;0;0;
"2017-12-11 00:00:00+01:00";8.6154861111111;7.8515277777778;41.358958333333;-0.91944444444445;51.216180555556;968.25451388889;992.70715277778;194;7.6;2.081875;0;0;
"2017-12-12 00:00:00+01:00";11.000833333333;9.21125;36.048472222222;0.8;49.633611111111;976.41659722222;1000.8719444444;251;10.4;3.2711805555556;0.01;0;
"2017-12-13 00:00:00+01:00";3.1404861111111;2.8203472222222;58.367777777778;-4.9404166666667;55.582916666667;987.51222222222;1012.9569444444;235;6;1.5598611111111;0;0;
"2017-12-14 00:00:00+01:00";3.86625;2.6449305555556;54.940972222222;-5.206875;51.948333333333;973.11958333334;998.12527777778;247;10.9;2.519375;0;0;
"2017-12-15 00:00:00+01:00";3.9414583333333;3.455625;55.524305555556;-4.020625;56.267569444444;972.24048611111;997.21430555556;275;7.8;1.754375;0.1;0;
"2017-12-16 00:00:00+01:00";1.3652083333333;1.2059027777778;67.567708333333;-4.1102777777778;67.081180555556;978.59722222222;1003.9672222222;262;4.8;1.3890972222222;0;0;
"2017-12-17 00:00:00+01:00";0.86576388888889;1.1618055555556;70.096736111111;-3.8854166666667;70.764166666667;990.05319444444;1015.7720833333;278;4;0.97513888888889;0.01;0;
"2017-12-18 00:00:00+01:00";0.35125;0.41180555555556;72.375277777778;-4.396875;70.604375;997.16777777777;1023.1188888889;346;3.5;1.18;0;0;
"2017-12-19 00:00:00+01:00";-1.3977777777778;-1.929375;80.875694444444;-6.9892361111111;65.763541666667;1002.0093055556;1028.2642361111;283;4.7;1.6913194444444;0;0;
"2017-12-20 00:00:00+01:00";-0.43833333333333;-1.0695138888889;76.63125;-5.3151388888889;69.659722222222;1003.8235416667;1030.0366666667;272;4.9;1.7947222222222;0.02;0;
"2017-12-21 00:00:00+01:00";0.92284722222222;0.023819444444445;69.282430555555;-3.2515277777778;73.855763888889;1000.5611111111;1026.5520833333;258;5.7;2.0660416666667;0;0;
"2017-12-22 00:00:00+01:00";3.5902777777778;2.0688194444444;56.840277777778;-0.33770833333333;75.538611111111;999.12652777777;1024.8219444445;272;5.5;2.715625;0.35;0;
"2017-12-23 00:00:00+01:00";4.0245138888889;1.470625;55.293472222222;-0.083055555555558;74.699236111111;994.66500000001;1020.2140277778;266;9.9;3.7707638888889;0.41;0;
"2017-12-24 00:00:00+01:00";7.9688194444445;4.9219444444444;41.033819444445;3.4725;73.37875;989.97125;1015.0309722222;264;10.2;4.5020138888889;0;0;
"2017-12-25 00:00:00+01:00";6.6518055555555;5.4244444444444;47.693472222222;0.50222222222222;65.340347222222;991.37131944445;1016.5875694444;263;9.6;2.5904861111111;0;0;
"2017-12-26 00:00:00+01:00";0.87840277777777;1.3715277777778;70.787291666667;-3.0261111111111;75.483125;982.81416666667;1008.3484027778;248;2.7;0.79902777777778;0;0;
"2017-12-27 00:00:00+01:00";4.3093055555556;3.9718055555556;58.004097222222;-2.3234027777778;63.810555555556;972.37222222222;997.31944444445;146;6.7;1.6721527777778;0;0;
"2017-12-28 00:00:00+01:00";6.3770833333334;6.3517361111111;48.003680555556;0.13270833333333;64.548888888889;966.62861111111;991.24034722222;2;5.2;1.2657638888889;1.78;1.1;
"2017-12-29 00:00:00+01:00";1.1779861111111;0.62201388888889;67.824791666667;-2.4871527777778;76.588125;979.70451388889;1005.1240277778;257;4.6;1.7425694444444;0.01;0;
"2017-12-30 00:00:00+01:00";0.50777777777778;0.88201388888889;71.259791666667;-5.2540972222222;66.035208333333;983.24694444444;1008.8278472222;221;3.4;0.90819444444445;0;0;
"2017-12-31 00:00:00+01:00";6.2697222222222;5.8068055555555;46.895902777778;1.5977777777778;72.287361111111;981.08138888889;1006.069375;250;7.7;1.7363194444444;0.33;0;
"2018-01-01 00:00:00+01:00";5.3354861111111;5.6097222222222;50.993472222222;0.71423611111111;72.397222222222;980.54944444444;1005.61625;281;3.9;0.99763888888889;0;0;
"2018-01-02 00:00:00+01:00";2.3497222222222;2.3488194444444;63.731527777778;-1.8426388888889;74.054722222222;981.34027777777;1006.7004861111;276;5.1;1.2704861111111;0.03;0;
"2018-01-03 00:00:00+01:00";4.0840277777778;2.9254861111111;55.531388888889;-1.7529861111111;66.641597222222;974.76930555555;999.79423611112;228;8.2;2.4220138888889;2.01;0;
"2018-01-04 00:00:00+01:00";5.4745138888889;4.1840972222222;50.594722222222;-0.87270833333333;64.104513888889;973.86923611112;998.74340277778;221;8.2;2.5397916666667;0.52;0;
"2018-01-05 00:00:00+01:00";6.6489583333334;6.179375;47.210277777778;-0.18104166666667;62.084166666667;975.24229166667;1000.0453472222;253;7.1;1.7803472222222;0.93;0;
"2018-01-06 00:00:00+01:00";7.6618055555556;8.2732638888889;41.414027777778;3.8029861111112;76.673611111111;983.19597222222;1008.1145138889;325;1.9;0.64083333333333;0;0;
"2018-01-07 00:00:00+01:00";5.5624305555555;4.6997916666667;49.057361111111;1.83;76.929513888889;995.714375;1021.1456944444;44;6.2;2.0954166666667;0;0;
"2018-01-08 00:00:00+01:00";0.80729166666667;-0.55604166666667;69.883333333333;-2.9465277777778;76.000972222222;1005.0420833333;1031.1579166667;70;5.3;2.4756944444444;0.24;0;
"2018-01-09 00:00:00+01:00";0.51784722222222;-0.74284722222222;72.005347222222;-4.8870138888889;67.508541666667;1001.215625;1027.2551388889;69;6;2.363125;0.02;0;
"2018-01-10 00:00:00+01:00";3.6736111111111;3.6824305555556;57.54375;-1.2717361111111;70.158888888889;988.73381944444;1014.1604861111;40;3.4;1.2361805555556;0.33;0.4;
"2018-01-11 00:00:00+01:00";1.3736805555556;0.99388888888889;66.170555555556;-1.8090277777778;79.37875;989.24111111111;1014.896875;53;4.3;1.5807638888889;0.21;0;
"2018-01-12 00:00:00+01:00";0.88826388888889;-0.80618055555556;68.874097222223;-2.5633333333333;77.777708333333;999.34569444444;1025.3122222222;68;6.3;2.7861111111111;0;0;
"2018-01-13 00:00:00+01:00";-0.57729166666667;-2.8455555555556;75.352638888889;-6.8588888888889;62.852430555555;1003.9448611111;1030.168125;74;7.3;3.2714583333333;0;0;
"2018-01-14 00:00:00+01:00";-3.4940277777778;-5.46125;90.211180555556;-9.9960416666667;60.833958333333;1003.1286805556;1029.6203472222;75;6.7;2.9104166666667;0;0;
"2018-01-15 00:00:00+01:00";-5.0906944444445;-5.4314583333333;100.93;-10.883888888889;63.915138888889;997.36347222223;1023.8654861111;77;4.6;1.4985416666667;0;0;
"2018-01-16 00:00:00+01:00";-0.87402777777778;-1.2845833333333;77.041597222222;-7.22875;62.926805555556;974.955625;1000.4486111111;144;8.5;1.6288888888889;0;0;
"2018-01-17 00:00:00+01:00";2.3615277777778;0.40986111111111;62.591319444444;-3.8371527777778;64.134375;969.41604166667;994.45958333333;260;10.7;3.1054166666667;0;0;
"2018-01-18 00:00:00+01:00";2.414375;0.50104166666667;62.222569444444;-4.3872916666667;61.759652777778;974.50048611111;999.67333333333;245;13.3;3.110625;0.23;0;
"2018-01-19 00:00:00+01:00";2.735;0.26972222222222;60.659097222222;-3.9939583333333;61.988611111111;977.14354166667;1002.3561111111;259;14;3.7002083333333;0;0;
"2018-01-20 00:00:00+01:00";0.55513888888889;0.88854166666667;71.607083333333;-3.6474305555555;73.579722222222;982.35833333333;1007.9132638889;237;5.1;0.94423611111111;0.01;0;
"2018-01-21 00:00:00+01:00";-0.84513888888889;-1.3043055555556;78.362847222222;-4.2332638888889;77.859513888889;982.03347222222;1007.7138888889;23;5.9;1.6411111111111;0;0;
"2018-01-22 00:00:00+01:00";-1.7357638888889;-2.2094444444444;83.476805555556;-6.33375;71.026597222222;989.38069444444;1015.3358333333;95;4.8;1.6428472222222;0.02;0;
"2018-01-23 00:00:00+01:00";-2.6523611111111;-2.6961805555556;88.965833333333;-7.146875;71.288680555555;995.96215277778;1022.1703472222;70;3.2;1.2611805555556;0.02;0;
"2018-01-24 00:00:00+01:00";2.0397222222222;2.5879861111111;65.712638888889;-3.4879861111111;67.153402777778;998.05798611111;1023.8808333333;257;2.5;0.74784722222222;0;0;
"2018-01-25 00:00:00+01:00";3.5058333333333;4.1529166666667;59.694861111111;-2.6377777777778;65.528819444444;993.31569444444;1018.88;290;2.1;0.63805555555555;0;0;
"2018-01-26 00:00:00+01:00";1.2450694444444;1.9005555555556;69.012916666666;-3.7554861111111;69.815833333333;993.17381944445;1018.9477777778;272;1.8;0.64944444444444;0;0;
"2018-01-27 00:00:00+01:00";1.6611111111111;2.1683333333333;65.613333333333;-1.8913194444445;77.337291666667;1002.29375;1028.2565972222;237;2.3;0.78013888888889;0.03;0;
"2018-01-28 00:00:00+01:00";5.1070138888889;3.3736805555556;51.272430555556;0.41388888888889;72.197777777778;1000.1750694444;1025.7659722222;250;9.8;3.0363888888889;0.2;0;
"2018-01-29 00:00:00+01:00";8.5084027777778;5.6460416666667;41.245416666667;2.4809027777778;65.999930555556;993.70479166667;1018.8182638889;262;9.2;4.3431944444444;0;0;
"2018-01-30 00:00:00+01:00";5.5556944444444;2.2243055555556;49.003402777778;-2.9447222222222;54.699652777778;993.70930555556;1019.090625;273;12.7;4.7039583333333;0.8;0;
"2018-01-31 00:00:00+01:00";3.7780555555556;3.4554861111111;56.170347222222;-4.5335416666666;55.373125;989.87118055556;1015.3145833333;237;7.1;1.5941666666667;0;0;
"2018-02-01 00:00:00+01:00";5.4931944444445;5.9480555555556;50.563125;-0.81236111111111;64.719444444444;976.20597222222;1001.1394444444;234;4;0.81395833333333;2.49;0.1;
"2018-02-02 00:00:00+01:00";3.06125;3.1522916666667;59.474652777778;-1.1497222222222;74.04;979.74854166666;1004.9930555556;238;5.2;1.1645833333333;0;0;
"2018-02-03 00:00:00+01:00";0.52291666666667;1.0140277777778;71.603055555556;-3.5041666666667;74.651875;977.81173611111;1003.2425;244;2.9;0.80069444444444;0;0;
"2018-02-04 00:00:00+01:00";0.17041666666667;0.27625;73.168333333334;-4.1734722222222;72.880833333333;986.38229166667;1012.0765277778;320;4.4;1.1397222222222;0;0;
"2018-02-05 00:00:00+01:00";-1.7731944444444;-2.3418055555556;78.924444444444;-9.2643055555556;56.878541666667;996.74194444444;1022.8952777778;328;5.3;1.72875;0;0;
"2018-02-06 00:00:00+01:00";-4.2517361111111;-4.1549305555556;90.54;-12.257013888889;55.327916666667;993.79222222222;1020.119375;135;3.1;1.153125;0;0;
"2018-02-07 00:00:00+01:00";-2.1234027777778;-2.5305555555556;84.477222222223;-7.2515277777778;68.295763888889;988.63097222222;1014.5983333333;65;3.7;1.578125;0.01;0;
"2018-02-08 00:00:00+01:00";-0.66305555555556;-0.70270833333333;77.604583333333;-4.2995833333333;76.425625;988.55520833333;1014.380625;313;3.3;1.2641666666667;0;0;
"2018-02-09 00:00:00+01:00";-0.57548611111112;-0.62618055555556;77.241250000001;-5.3009027777778;70.539652777778;990.54805555555;1016.411875;302;3.6;1.2713194444444;0;0;
"2018-02-10 00:00:00+01:00";-0.68243055555555;-0.75381944444444;77.954305555556;-5.42625;70.365347222222;989.42659722222;1015.2727777778;65;3.2;1.2902777777778;0;0;
"2018-02-11 00:00:00+01:00";-0.27416666666667;-0.06375;75.241458333333;-5.9047222222222;66.08875;983.72986111111;1009.3979861111;93;3.9;1.0504166666667;0;0;
"2018-02-12 00:00:00+01:00";1.4068055555556;1.7260416666667;67.467847222222;-3.8283333333333;68.232777777778;983.82673611111;1009.3348611111;248;4.1;0.95986111111111;0;0;
"2018-02-13 00:00:00+01:00";1.0917361111111;0.93159722222222;68.9275;-3.7452083333334;70.324722222222;988.82118055555;1014.4911805556;35;4;1.3876388888889;0.04;0;
"2018-02-14 00:00:00+01:00";-0.28236111111111;-1.2720833333333;75.711944444445;-4.5336111111111;73.103611111111;989.89243055556;1015.721875;36;5.8;2.1163194444444;0;0;
"2018-02-15 00:00:00+01:00";-0.90652777777778;-1.2084027777778;79.082569444444;-5.7025694444445;70.010625;995.235625;1021.2672916667;63;3.7;1.4936805555556;0;0;
"2018-02-16 00:00:00+01:00";-0.080069444444443;-0.16222222222222;74.951666666666;-4.613125;71.652291666667;996.25618055556;1022.2251388889;256;5.2;1.3288194444444;0;0;
"2018-02-17 00:00:00+01:00";1.0645833333333;1.4872916666667;69.918541666667;-4.6678472222222;66.152291666667;996.98715277778;1022.8734027778;215;3.3;0.85770833333333;0;0;
"2018-02-18 00:00:00+01:00";1.2771527777778;1.0135416666667;65.780347222221;-5.7900694444444;59.890972222222;998.369375;1024.2788194444;336;5.3;1.484375;0;0;
"2018-02-19 00:00:00+01:00";0.54368055555556;-0.16805555555555;64.142708333334;-9.1552777777778;48.67;996.66055555555;1022.5877777778;86;5;1.8849305555556;0;0;
"2018-02-20 00:00:00+01:00";-2.35375;-3.5401388888889;84.966527777778;-8.7004166666667;62.134097222222;991.02590277778;1017.0804861111;68;5.3;2.2571527777778;0;0;
"2018-02-21 00:00:00+01:00";-2.5198611111111;-3.0231944444444;86.413263888889;-8.4365277777778;63.889236111111;992.85444444444;1018.9840972222;17;4.6;1.6529861111111;0;0;
"2018-02-22 00:00:00+01:00";-2.1540972222222;-3.7911111111111;83.167083333333;-8.5215277777777;61.885347222222;994.70437499999;1020.83875;60;5.5;2.6513194444444;0;0;
"2018-02-23 00:00:00+01:00";-3.4855555555556;-4.8620138888889;91.5975;-9.276875;64.396111111111;994.46777777778;1020.7300694444;44;6.4;2.39625;0;0;
"2018-02-24 00:00:00+01:00";-6.5440972222222;-7.8736805555556;107.05944444444;-12.876875;61.0425;995.35777777778;1021.9490277778;343;7.8;2.3070138888889;0;0;
"2018-02-25 00:00:00+01:00";-11.164791666667;-11.940347222222;135.89069444444;-17.544861111111;59.566527777778;999.98243055555;1027.1693055556;6;4.9;1.7954166666667;0;0;
"2018-02-26 00:00:00+01:00";-10.772638888889;-12.577916666667;132.90618055556;-17.210902777778;59.543263888889;996.63020833333;1023.6910416667;56;6.3;2.5913888888889;0;0;
"2018-02-27 00:00:00+01:00";-11.833472222222;-14.613888888889;139.56409722222;-18.282083333333;58.833194444444;991.80194444444;1018.8402777778;60;6.8;3.3209027777778;0;0;
"2018-02-28 00:00:00+01:00";-10.892569444444;-12.511319444444;136.42256944444;-16.884652777778;61.555694444444;995.06618055556;1022.0918055556;58;6.7;2.4348611111111;0;0;
"2018-03-01 00:00:00+01:00";-10.811041666667;-11.452222222222;133.16645833333;-17.422013888889;58.744097222222;991.21618055556;1018.1263194444;82;4.9;1.7199305555556;0;0;
"2018-03-02 00:00:00+01:00";-10.022777777778;-11.714861111111;126.62215277778;-17.237222222222;56.183819444444;978.65840277778;1005.1556944444;61;6.5;2.5422222222222;0;0;
"2018-03-03 00:00:00+01:00";-9.4568055555556;-9.4966666666667;118.11902777778;-17.333194444445;53.418472222222;977.30576388889;1003.7067361111;21;3.9;1.2434722222222;0;0;
"2018-03-04 00:00:00+01:00";-6.9550694444444;-6.8403472222222;105.92888888889;-15.46;52.314097222222;981.17881944444;1007.4350694444;74;3.4;1.1464583333333;0;0;
"2018-03-05 00:00:00+01:00";-0.67451388888889;-0.47895833333333;74.018958333333;-10.182083333333;49.833055555556;977.04673611111;1002.5830555556;51;3.6;1.0765277777778;0;0;
"2018-03-06 00:00:00+01:00";2.9989583333333;3.0122916666667;59.218055555555;-3.5109027777778;62.968055555556;968.98638888889;993.96215277778;51;3.9;1.2356944444444;0.29;0;
"2018-03-07 00:00:00+01:00";4.4120138888889;3.893125;55.300555555556;-1.294375;67.836388888889;969.65958333334;994.52208333334;244;8.1;1.8280555555556;0;0;
"2018-03-08 00:00:00+01:00";5.2038194444444;4.665625;52.501527777778;-2.2397222222222;60.082569444444;978.800625;1003.8313888889;256;8.5;1.8854861111111;0;0;42.084243369735
"2018-03-09 00:00:00+01:00";4.2;3.4584027777778;55.927291666666;-4.0046527777778;57.023125;982.14729166666;1007.3545833333;277;8;2.0938194444444;0.81;0;59.358136300417
"2018-03-10 00:00:00+01:00";6.6882638888889;7.1840277777778;50.010625;-1.6010416666667;57.034027777778;982.87708333333;1007.8832638889;292;3.4;0.77826388888889;0;0;82.831944444444
"2018-03-11 00:00:00+01:00";9.9693055555555;10.285486111111;40.192638888889;0.95458333333334;55.325763888889;978.95715277778;1003.5701388889;56;3.9;0.97111111111111;0;0;55.469770674079
"2018-03-12 00:00:00+01:00";12.197916666667;11.174583333333;33.908611111111;2.444375;52.459305555556;971.00854166667;995.219375;176;10;2.52;0.02;0;11.460041695622
"2018-03-13 00:00:00+01:00";10.648263888889;9.7290277777778;36.330694444445;1.9200694444445;55.234583333333;975.491875;999.94472222222;258;7.4;2.3113194444444;0.02;0;14.771527777778
"2018-03-14 00:00:00+01:00";5.903125;5.5844444444444;48.508055555556;1.2416666666667;72.243194444445;981.62027777778;1006.6578472222;263;5.6;1.5802083333333;0.98;0;46.367616400278
"2018-03-15 00:00:00+01:00";4.6845138888889;4.2701388888889;53.190902777778;-0.72645833333333;68.430347222222;983.17118055555;1008.3650694444;62;4.6;1.6448611111111;0;0;34.629603891591
"2018-03-16 00:00:00+01:00";2.7095833333333;1.6265277777778;60.640277777777;-0.55958333333334;79.071597222222;977.06423611111;1002.2766666667;52;6.4;2.2404166666667;3.53;0;31.778472222222
"2018-03-17 00:00:00+01:00";-4.4888194444445;-7.5370833333333;97.866944444444;-9.9046527777778;65.989930555556;983.35104166667;1009.4170833333;59;8.7;3.8072222222222;0;0;13.264255910987
"2018-03-18 00:00:00+01:00";-6.7202083333333;-10.695694444444;103.24611111111;-14.134930555556;55.939444444444;986.03277777778;1012.3948611111;67;8.8;4.5094444444445;0;0;8.6381944444444
"2018-03-19 00:00:00+01:00";-5.8923611111111;-7.6936111111111;104.33104166667;-12.064097222222;61.805486111111;984.2775;1010.4982638889;70;7.5;2.6955555555556;0;0;18.198054204309
"2018-03-20 00:00:00+01:00";-4.0088888888889;-4.3501388888889;94.18;-9.9409027777778;63.483055555556;984.24319444444;1010.2879861111;296;3.9;1.5104861111111;0;0;42.77275886032
"2018-03-21 00:00:00+01:00";-1.1958333333333;-2.2195833333333;69.452430555556;-11.211041666667;47.695416666667;994.61722222222;1020.6565972222;304;7;2.1600694444444;0;0;48.476719944406
"2018-03-22 00:00:00+01:00";0.58916666666667;0.225625;62.190069444445;-11.089375;43.228958333333;990.17034722222;1015.9284722222;250;7.1;1.6275694444444;0;0;48.452397498263
"2018-03-23 00:00:00+01:00";1.5249305555555;1.6720138888889;64.854861111111;-7.1514583333334;53.584652777778;979.74298611111;1005.1365277778;305;4.4;1.1261805555556;0;0;98.465277777778
"2018-03-24 00:00:00+01:00";2.97125;2.7965972222222;58.942986111111;-5.7422916666667;54.019930555556;980.26909722222;1005.5440972222;83;5.1;1.446875;0;0;71.825694444444
"2018-03-25 00:00:00+01:00";4.6155797101449;4.8321014492754;54.232246376812;-4.9216666666667;52.073333333333;983.72043478262;1008.9353623188;237;3.2;1.0663043478261;0;0;69.655072463768
"2018-03-26 00:00:00+02:00";4.0867361111111;4.1927083333333;55.090069444445;-4.5209722222222;54.233125;984.99645833332;1010.2834027778;243;4.6;1.1772222222222;0;0;69.097289784573
"2018-03-27 00:00:00+02:00";3.14375;2.7892361111111;59.554166666667;-2.4727083333333;66.847569444444;985.96819444445;1011.3776388889;280;5;1.5801388888889;0.38;0;64.750521195275
"2018-03-28 00:00:00+02:00";4.1102154273801;3.89659485754;56.215149409312;-3.3387074357192;59.218137595553;983.40166782488;1008.6571230021;71;4.7;1.4879082696317;0;0;36.963863794302
"2018-03-29 00:00:00+02:00";7.1451985559566;7.0924187725632;45.361010830325;0.97617328519856;65.268880866426;978.67393501805;1003.5269314079;305;8.4;1.3363898916968;1.23;0;47.681723419041
"2018-03-30 00:00:00+02:00";9.2750548646672;9.3618141916606;39.280687637162;-0.74659839063643;52.450256035113;982.86788588149;1007.6368690563;186;5.2;1.2039502560351;0.34;0;45.91875
"2018-03-31 00:00:00+02:00";10.718888888889;10.614375;35.332986111111;4.6622916666667;67.605694444444;973.29326388889;997.69340277778;87;5.8;1.40375;3.31;0;25.890896455872
"2018-04-01 00:00:00+02:00";5.4845833333333;3.0543055555556;49.755763888889;0.44104166666667;70.358611111111;969.54784722222;994.31784722223;276;9.5;3.6579861111111;0.18;0;32.823488533704
"2018-04-02 00:00:00+02:00";5.7667361111111;3.1393055555555;48.338472222222;-4.3623611111111;50.057291666667;982.06777777778;1007.1302083333;272;9.6;3.9258333333333;0.02;0;24.738194444444
"2018-04-03 00:00:00+02:00";11.309097222222;11.259027777778;39.331805555555;-1.8375694444444;43.224791666667;983.90166666667;1008.5280555556;296;7.3;1.479375;0;0;34.189583333333
"2018-04-04 00:00:00+02:00";13.548888888889;13.806597222222;33.376805555556;1.6588194444444;46.416527777778;982.06951388888;1006.4497222222;277;3.6;1.0125694444444;0.04;0;24.839471855455
"2018-04-05 00:00:00+02:00";13.135833333333;12.420277777778;32.942916666667;2.2924305555556;49.282708333333;982.39375;1006.8143055556;268;6.7;2.2165277777778;0;0;20.603472222222
"2018-04-06 00:00:00+02:00";9.2551388888889;8.1647916666667;38.580416666667;-0.74444444444444;50.458263888889;994.19180555555;1019.2417361111;294;8.2;2.4423611111111;0.09;0;20.523280055594
"2018-04-07 00:00:00+02:00";10.317083333333;9.7875;39.090555555556;-1.1723611111111;46.048888888889;996.82069444443;1021.8500694445;71;6.1;1.9263888888889;0;0;31.813759555247
"2018-04-08 00:00:00+02:00";15.834305555556;15.353680555556;31.140486111111;3.8936805555556;48.716388888889;990.16201388889;1014.5541666667;94;7.1;2.0613888888889;0;0;24.719249478805
"2018-04-09 00:00:00+02:00";19.681666666667;19.260694444444;27.226388888889;3.0109722222222;35.526319444444;983.21458333333;1007.1060416667;162;7.4;1.9857638888889;0;0;14.352083333333
"2018-04-10 00:00:00+02:00";15.862847222222;15.881319444444;29.202708333333;3.8011111111111;46.456458333333;982.78819444444;1006.9854861111;241;6.4;1.3286805555556;0.07;0;25.664350243224
"2018-04-11 00:00:00+02:00";15.863680555556;16.03375;29.162013888889;3.43625;45.671875;983.89145833333;1008.1146527778;12;4.1;1.1233333333333;0;0;22.647916666667
"2018-04-12 00:00:00+02:00";17.426805555556;17.184652777778;30.276597222222;3.8545833333333;44.419097222222;983.62583333333;1007.7204166667;77;5.9;1.7636111111111;0;0;26.036111111111
"2018-04-13 00:00:00+02:00";16.799305555556;16.561736111111;27.072847222222;7.6482638888889;55.970694444444;984.83833333333;1009.0009722222;58;7.5;1.6215277777778;1.55;0;30.834027777778
"2018-04-14 00:00:00+02:00";16.090694444444;15.900972222222;28.563958333333;3.2067361111111;47.076319444444;993.50597222223;1017.9459027778;295;7.3;1.6184027777778;0;0;15.320833333333
"2018-04-15 00:00:00+02:00";17.675833333333;17.708819444444;28.505972222222;3.6770138888889;42.064027777778;991.28479166667;1015.5417361111;70;4.3;1.3261111111111;0;0;15.947185545518
"2018-04-16 00:00:00+02:00";17.920277777778;17.802708333333;26.693263888889;7.6685416666666;52.738263888889;986.49888888889;1010.6118055556;286;6.2;1.51125;0.89;0;17.813888888889
"2018-04-17 00:00:00+02:00";14.934375;14.324791666667;27.24;8.0701388888889;64.554236111111;995.06388888889;1019.6380555556;296;5.9;2.0277083333333;0;0;23.859624739402
"2018-04-18 00:00:00+02:00";14.679583333333;14.591805555556;30.184652777778;3.12375;50.826944444445;1003.4757638889;1028.2852083333;286;5.2;1.4683333333333;0;0;22.197916666667
"2018-04-19 00:00:00+02:00";16.072708333333;15.494930555556;30.72125;4.6571527777778;49.131875;1001.9952083333;1026.6510416667;301;7.3;2.1656944444444;0;0;19.254861111111
"2018-04-20 00:00:00+02:00";15.803958333333;16.047430555556;29.047291666667;0.91506944444444;39.971319444444;999.55395833334;1024.1713194444;308;4.1;1.0173611111111;0;0;7.3472222222222
"2018-04-21 00:00:00+02:00";18.318472222222;17.7475;30.517430555556;3.8761111111111;41.7325;990.96680555556;1015.1703472222;283;7.5;2.2729861111111;0;0;15.589298123697
"2018-04-22 00:00:00+02:00";17.551319444444;17.397083333333;26.515347222222;0.43881944444445;32.810486111111;989.77666666667;1014.0013194444;323;6.8;1.5463888888889;0;0;7.2189020152884
"2018-04-23 00:00:00+02:00";16.147222222222;16.043402777778;29.980138888889;4.7536111111111;49.388333333333;986.76541666667;1011.0419444444;287;9.2;1.5138194444445;1.46;0;13.104166666667
"2018-04-24 00:00:00+02:00";16.762569444444;16.311944444444;25.752777777778;8.2598611111111;59.733333333333;987.93041666667;1012.1744444444;261;6.9;1.8954166666667;0;0;25.864489228631
"2018-04-25 00:00:00+02:00";18.537291666667;17.680833333333;27.093125;6.0580555555556;47.895625;983.85743055555;1007.8561805556;263;10.1;2.7275;0.38;0;17.455177206393
"2018-04-26 00:00:00+02:00";13.650347222222;13.181875;30.675347222222;5.2306944444445;57.734513888889;986.55180555556;1011.0247222222;270;8.4;1.84125;1.01;0;11.060416666667
"2018-04-27 00:00:00+02:00";11.708194444444;11.565138888889;34.39375;0.51458333333333;50.718958333333;990.92805555556;1015.68625;249;5.5;1.4920138888889;0;0;14.525
"2018-04-28 00:00:00+02:00";17.661458333333;17.847083333333;30.952986111111;4.3193055555556;44.026527777778;987.52319444445;1011.69375;281;5.2;1.1563888888889;0;0;15.55872133426
"2018-04-29 00:00:00+02:00";21.079236111111;21.208888888889;26.548888888889;8.6488194444445;47.718888888889;985.01368055556;1008.8372916667;76;5.4;1.2548611111111;0.06;0;19.449305555556
"2018-04-30 00:00:00+02:00";21.731736111111;21.415972222222;25.540972222222;8.2441666666667;45.379444444444;980.62118055556;1004.275625;215;8.8;1.9214583333333;0.01;0;16.362056984017
"2018-05-01 00:00:00+02:00";20.873194444444;20.714027777778;25.66625;5.7006944444444;40.918541666667;982.92812499999;1006.7146527778;282;7;1.6447916666667;0.01;0;10.281445448228
"2018-05-02 00:00:00+02:00";19.145972222222;18.893680555556;26.314652777778;8.9509027777777;52.873611111111;987.208125;1011.2371527778;61;5.2;1.7082638888889;0;0;16.198749131341
"2018-05-03 00:00:00+02:00";22.175972222222;22.043263888889;26.342291666667;8.8644444444444;45.957083333333;983.76076388889;1007.4570138889;14;7.9;1.6072916666667;0;0;16.657400972898
"2018-05-04 00:00:00+02:00";18.525555555556;17.894861111111;25.401111111111;9.2908333333333;56.402638888889;990.48715277778;1014.64625;326;5.6;2.1454166666667;0;0;14.100069492703
"2018-05-05 00:00:00+02:00";16.250277777778;15.557847222222;27.40875;3.1968055555556;44.195208333333;995.6476388889;1020.1243055556;14;6.3;2.1788888888889;0;0;6.4486111111111
"2018-05-06 00:00:00+02:00";15.538958333333;14.746527777778;28.671388888889;0.92673611111111;37.869375;996.44381944444;1021.0017361111;47;6.7;2.3248611111111;0;0;3.6657400972898
"2018-05-07 00:00:00+02:00";16.20125;15.828819444444;29.267430555556;2.1757638888889;41.781666666667;993.75819444445;1018.1956944444;35;6.6;1.876875;0;0;6.0785267546908
"2018-05-08 00:00:00+02:00";16.515841584158;16.230834512023;27.13946251768;7.1466053748232;54.71152758133;987.79193776521;1012.0528288543;40;5.5;1.6662659123055;9.16;3;9.6045865184156
"2018-05-09 00:00:00+02:00";19.160225303293;19.009012131716;24.168717504333;11.29705372617;63.129896013865;983.31239168111;1007.2485268631;44;7.4;1.6044194107452;9.64;0;12.835997220292
"2018-05-10 00:00:00+02:00";20.589212207239;19.900638750887;24.964726756565;8.657771469127;50.553797019163;984.74350603265;1008.5919801278;95;7.9;2.4147622427253;0;0;11.330090340514
"2018-05-11 00:00:00+02:00";19.199722222222;19.267569444444;25.885833333333;9.445;55.375069444444;990.24277777778;1014.3404861111;280;5.7;1.2569444444444;0;0;10.916666666667
"2018-05-12 00:00:00+02:00";19.014444444445;18.699444444444;24.789375;6.2885416666667;49.185;990.46923611111;1014.5879166667;80;5.7;1.8184722222222;0;0;11.785416666667
"2018-05-13 00:00:00+02:00";18.723402777778;17.967916666667;27.013611111111;3.3023611111111;37.622916666667;987.77548611111;1011.8549305556;73;7.8;2.3890277777778;0.01;0;9.3618055555556
"2018-05-14 00:00:00+02:00";14.823125;13.788819444444;29.350555555556;3.8810416666667;48.604791666667;988.03006944444;1012.4414583333;80;7.6;2.5431944444444;0;0;9.3493055555556
"2018-05-15 00:00:00+02:00";13.2825;12.788958333333;30.455277777778;6.7259027777778;65.168194444444;985.42930555556;1009.9061805556;64;5.4;1.8688194444444;0.52;0;15.186111111111
"2018-05-16 00:00:00+02:00";13.165208333333;13.391041666667;28.125972222222;8.7651388888889;74.996458333333;982.80381944444;1007.2250694444;289;2.9;1.0259027777778;0.17;0;19.420833333333
"2018-05-17 00:00:00+02:00";13.28375;11.624652777778;26.662361111111;9.5457638888889;78.152638888889;981.42215277777;1005.7981944444;248;7.6;3.2138194444444;8.69;10.6;13.4375
"2018-05-18 00:00:00+02:00";13.517222222222;12.359791666667;26.611388888889;9.5595833333333;77.079375;986.42215277778;1010.9056944444;269;7;2.6243055555556;0.93;0;24.419735927728
"2018-05-19 00:00:00+02:00";15.637708333333;14.894930555556;27.307777777778;7.1414583333333;59.178055555555;991.6107638889;1016.039375;299;6.8;2.2318055555556;0;0;18.252083333333
"2018-05-20 00:00:00+02:00";15.804305555556;15.533402777778;28.311527777778;4.6429861111111;50.719166666667;996.02243055556;1020.548125;58;6.6;1.7051388888889;0;0;9.9270833333333
"2018-05-21 00:00:00+02:00";15.831944444444;15.070277777778;28.787361111111;3.4966666666667;46.064722222222;994.22631944444;1018.709375;58;8.8;2.3370833333333;0;0;6.0993745656706
"2018-05-22 00:00:00+02:00";18.9075;18.937638888889;27.598472222222;6.4563194444444;46.029652777778;989.51916666667;1013.6261111111;69;4;1.2839583333333;0.07;0;9.2404447533009
"2018-05-23 00:00:00+02:00";18.940763888889;18.753472222222;25.394513888889;10.568333333333;59.739652777778;992.92965277778;1017.1164583333;41;6.5;1.6125694444444;0.04;0;15.979847116053
"2018-05-24 00:00:00+02:00";19.731041666667;18.915902777778;25.600486111111;7.7585416666667;47.54125;994.59499999999;1018.7527777778;55;6.6;2.4644444444444;0;0;8.3585823488534
"2018-05-25 00:00:00+02:00";19.736666666667;19.277013888889;25.953125;7.7965277777777;47.225138888889;992.59756944444;1016.7069444444;58;6.4;1.98875;0;0;7.6095717884131
"2018-05-26 00:00:00+02:00";20.339930555556;20.431111111111;25.495763888889;10.283680555556;54.902986111111;994.64416666667;1018.76125;190;4.5;1.2384722222222;0;0;
"2018-05-27 00:00:00+02:00";22.080833333333;21.999513888889;24.974791666667;12.117361111111;55.209236111111;994.72666666667;1018.696875;60;5.6;1.5207638888889;0;0;
"2018-05-28 00:00:00+02:00";22.627361111111;21.963194444444;25.475277777778;9.05;43.941875;995.46840277778;1019.4126388889;85;6.8;2.3700694444444;0;0;
"2018-05-29 00:00:00+02:00";21.928194444444;21.715208333333;26.475416666667;8.2265277777778;42.725486111111;993.155;1017.0981944444;83;5.8;1.6825694444444;0;0;
"2018-05-30 00:00:00+02:00";22.312916666667;22.408888888889;25.672361111111;10.733541666667;49.82125;991.57694444445;1015.455;315;6.4;1.2626388888889;0;0;
"2018-05-31 00:00:00+02:00";23.438333333333;23.649097222222;25.553680555556;11.30875;49.240694444444;990.43194444444;1014.1852083333;258;5.9;1.0829166666667;0;0;
"2018-06-01 00:00:00+02:00";23.242986111111;23.231111111111;25.822152777778;10.205277777778;48.035416666667;989.93104166666;1013.6927777778;358;6.3;1.4511111111111;12.79;0;
"2018-06-02 00:00:00+02:00";20.316527777778;19.925208333333;23.526180555556;13.859861111111;67.375;988.29319444445;1012.2468055556;261;7.5;1.9093055555556;2.9;0;
"2018-06-03 00:00:00+02:00";20.147638888889;19.644027777778;23.213402777778;13.826736111111;68.042569444445;988.78319444445;1012.7678472222;265;4.9;2.0104861111111;0.51;0;
"2018-06-04 00:00:00+02:00";21.328125;21.215486111111;24.020486111111;12.922152777778;61.032777777778;984.924375;1008.7230555556;267;4.9;1.5070138888889;0.01;0;
"2018-06-05 00:00:00+02:00";21.25375;21.111875;24.207569444444;12.704236111111;59.857222222222;982.75368055555;1006.5027777778;299;6.4;1.5709722222222;0;0;
"2018-06-06 00:00:00+02:00";17.174375;15.938194444444;26.54625;3.8250694444444;42.757291666667;991.08826388889;1015.3750694444;68;7.1;2.8554861111111;0;0;
"2018-06-07 00:00:00+02:00";18.454305555556;17.706041666667;27.686597222222;3.1332638888889;37.247361111111;992.30708333333;1016.5215277778;68;6.1;2.3076388888889;0;0;
"2018-06-08 00:00:00+02:00";22.288194444444;22.346597222222;26.516805555556;9.2779861111111;44.839305555556;988.68729166667;1012.4951388889;21;4.9;1.3013194444444;0;0;
"2018-06-09 00:00:00+02:00";23.788819444445;23.596388888889;25.356875;13.268055555555;53.944027777778;986.20944444444;1009.8326388889;48;5.4;1.6952777777778;0;0;
"2018-06-10 00:00:00+02:00";23.381319444444;23.3675;24.831527777778;12.949791666667;55.595763888889;984.48951388889;1008.10125;313;6.8;1.4027777777778;6.77;0;
"2018-06-11 00:00:00+02:00";22.429097222222;21.999444444444;24.230555555556;14.161666666667;61.141875;982.80715277777;1006.4622222222;289;6.9;2.0311111111111;0;0;
"2018-06-12 00:00:00+02:00";19.511388888889;19.498611111111;23.110208333333;13.525069444444;69.039097222222;980.69381944445;1004.5276388889;332;6.9;1.3386111111111;7.67;0;
"2018-06-13 00:00:00+02:00";17.027777777778;16.583541666667;24.73625;11.129722222222;68.539305555556;981.81222222223;1005.8830555556;27;5.5;1.8784722222222;0.69;0;
"2018-06-14 00:00:00+02:00";18.052708333333;17.481319444444;25.376736111111;10.042569444444;60.008958333333;985.46361111111;1009.5320833333;355;5.1;2.0222222222222;0.01;0;
"2018-06-15 00:00:00+02:00";19.583333333333;19.222430555556;25.742638888889;9.3384722222222;52.473263888889;987.660625;1011.6657638889;348;7.7;1.8395833333333;0;0;
"2018-06-16 00:00:00+02:00";21.663263888889;21.515833333333;25.36625;9.7156944444444;47.894305555556;988.54993055556;1012.4020138889;31;5.4;1.5810416666667;0;0;
"2018-06-17 00:00:00+02:00";21.886875;21.771875;25.069930555556;10.255;49.039722222222;988.58854166667;1012.41875;45;5.4;1.5438194444444;0;0;
"2018-06-18 00:00:00+02:00";20.578333333333;20.610208333333;24.120972222222;12.778402777778;61.965069444444;990.62222222221;1014.6174305556;285;4.3;1.2852777777778;4.32;0;
"2018-06-19 00:00:00+02:00";22.382152777778;22.304513888889;24.893611111111;10.698125;49.883611111111;993.92166666666;1017.8445833333;277;5.7;1.4972916666667;0;0;
"2018-06-20 00:00:00+02:00";22.956527777778;23.203055555556;25.750694444444;10.81;48.339583333333;995.24708333334;1019.1611805556;232;3.6;1.0100694444444;0;0;
"2018-06-21 00:00:00+02:00";24.399305555556;23.745486111111;26.464583333333;12.634375;50.940833333333;986.51104166667;1010.0970833333;259;9.6;2.5790277777778;7.92;9.5;
"2018-06-22 00:00:00+02:00";14.055277777778;13.199513888889;29.344375;4.7148611111111;54.9975;990.07402777778;1014.5980555556;280;6;2.2970833333333;0.01;0;
"2018-06-23 00:00:00+02:00";12.090763888889;11.265138888889;32.433888888889;5.56125;64.740972222222;990.76840277778;1015.4866666667;270;5.8;2.2009722222222;1.09;0;
"2018-06-24 00:00:00+02:00";13.432152777778;12.486388888889;29.13625;7.7380555555556;68.957222222222;989.78895833332;1014.3553472222;264;7.5;2.3988194444444;1.85;0;
"2018-06-25 00:00:00+02:00";15.618263888889;15.415277777778;27.228611111111;7.3452777777778;59.857361111111;992.063125;1016.5056944444;274;4.7;1.5564583333333;0.19;0;7
"2018-06-26 00:00:00+02:00";15.399861111111;15.382430555556;27.36375;7.9317361111111;62.126527777778;993.51354166666;1018.0069444444;281;5.6;1.3227777777778;0.22;0;4.7507042253521
"2018-06-27 00:00:00+02:00";16.379097222222;15.892152777778;26.441111111111;10.128541666667;66.921458333333;993.254375;1017.6593055556;17;6.3;1.9623611111111;1.15;1.3;7.7859624739402
"2018-06-28 00:00:00+02:00";17.846666666667;17.109166666667;21.371875;14.448402777778;80.580833333333;986.76597222222;1010.89375;25;6.5;2.2270138888889;5.53;0;13.167477414871
"2018-06-29 00:00:00+02:00";21.933333333333;21.571458333333;24.450694444444;12.977013888889;58.384861111111;983.19152777778;1006.8921527778;5;5.7;1.8552083333333;0.08;0;14.617790132036
